,scores,smiles
123803,-7.833333333,CCSc1ccc(NC(=O)NCCc2cccc(C(N)=O)c2)cn1
124057,-6.8666666670000005,CC(C(=O)N(C)c1ccccc1)S(=O)(=O)c1nncn1C1CC1
48637,-8.233333333,O=C(OCCNc1cccnn1)c1ccc(-n2cccn2)c(F)c1
32027,-7.166666667,CC(Oc1ccc(Cl)cc1N)C(=O)N1CCCC1
128030,-8.566666667,CC(CC(=O)OCc1cccnc1)c1ccc(C(F)(F)F)cc1
21670,-9.6,COc1ccc2[nH]nc(C(=O)N3CC4C5CCC(CC5)C4C3)c2c1
84134,-8.066666667,Cc1cccc(C(C)C)c1NC(=O)CCC(=O)c1cccs1
100253,-6.9,Cn1c(SCC(=O)NC2CCCC2)nnc1-c1nonc1N
10046,-9.066666667,CC1=NC2(CCC(C(=O)Nc3ccc(F)cc3)CC2)C(=O)N1C
44997,-7.233333332999999,CC(=O)Nc1sc(C)c(C)c1C(=O)OCC(=O)N1CCCC1
111722,-8.0,COC(=O)c1ccccc1NC(=O)c1nn(-c2ccccc2)nc1C
83220,-8.066666667,Cc1cccc(C(=O)NCCOc2ccccc2N)c1
100790,-7.5,CCOC(=O)c1cc(C(=O)Nc2ccc3c(c2)OCO3)nn1C
69081,-8.533333333,COc1nn(C)cc1C(=O)OCc1cc(-c2ccc(F)cc2)on1
92358,-8.2,O=C(c1cnoc1)N1CC2COCC2(COCc2cccnc2)C1
47869,-7.766666667000001,Cc1cc(Br)ccc1NC(=O)NC(C)CO
13366,-7.866666667,CCC(=O)Nc1ccc(C(=O)Cn2cc(Br)cn2)cc1
88266,-11.2,Cc1ccccc1C1CC1C(=O)NCc1cccnc1-n1ccnc1C
80263,-9.233333333,Cn1c(CNC(=O)c2ccc3nnnn3c2)nc2ccccc21
34746,-6.533333333,COCCCNC(=O)C(N)c1ccc(F)cc1C
109664,-8.533333333,Cn1ccc(-c2nnc(NC(=O)COc3ccc(Cl)cc3)o2)n1
129076,-7.233333332999999,Cc1c(C(C)NC(=O)c2cc3c(s2)CCC3)cnn1C
106672,-6.8666666670000005,CCCNC(=O)CN1C(=O)CSc2ccccc21
118966,-7.033333333,Cc1cccc(CNC(=O)Nc2nnc(C(F)(F)F)s2)c1
46370,-7.166666667,Cc1ccccc1Cn1ccnc1SCC(N)=O
115042,-8.3,O=C(CCc1ccc2c(c1)OCCCO2)NCc1csc(=O)[nH]1
47895,-8.1,Cc1ccc(NC(=O)c2nnc(CNC(=O)C3CC3)s2)cc1
41398,-8.566666667,COc1ccc(C(=O)N2CCN(c3ccc(C)nn3)CC2)cc1
111719,-7.9,Cc1ncc(CNC(=O)c2ccc3c(c2)NC(=O)CO3)s1
87262,-9.2,Cc1nc(CCNC(=O)CC23CC4CC(CC(C4)C2)C3)cc(=O)[nH]1
88405,-9.1,Cc1cc2nc(SCC(=O)NC3CCCCC3)n(C)c(=O)c2[nH]1
75178,-8.366666667,CC(C)COc1cccc(C(=O)N2CCC(OCC(C)C)CC2)c1
17317,-8.166666667000001,CS(=O)(=O)c1ccc(CNC(=O)COc2ccccn2)cc1
16253,-6.7,CCn1nc(C(=O)Nc2nc(C(C)(C)C)cs2)cc1C
46033,-9.433333333,NC(=O)Nc1cccc(C(=O)NCCc2ccc(-n3cccn3)cc2)c1
31135,-6.933333332999999,CCOCCCNC(=O)c1nn(C)c2c1CCc1sccc1-2
114852,-6.266666667000001,CCc1nc(NC(=O)c2cc(-c3cccs3)nn2C)sc1C
94997,-8.3,CC1CN(Cc2cc(=O)n3nccc3[nH]2)C(C)CO1
129788,-7.733333332999999,COCC(=O)n1nc(-c2cccs2)nc1NCc1ccc(C)cc1
71999,-7.4,CCNc1nc(-c2cnc(C3CC3)s2)cs1
50824,-8.0,Cc1ccc(N2CC3CN(S(=O)(=O)C4CC4)CCOC3C2)nn1
108291,-7.7,CC(C)(C)OC(=O)NCC(=O)OC12CC3CC(CC(O)(C3)C1)C2
49748,-8.033333333,CNC(=O)c1cnc(C=Cc2ccc(C)c(C)c2)s1
119540,-7.566666667000001,COc1c(F)cc(NC(=O)c2ccc(=O)n(C)c2)cc1F
23483,-7.566666667000001,COc1ccccc1CCNC1=NC=NC2=NC=NC21
41077,-8.933333333,Cc1cc(C)c(CNC(=O)c2cc(-c3ccco3)[nH]n2)c(=O)[nH]1
40630,-8.3,Cc1ccc(NC(=O)C2CNCCN2C(=O)Cc2cc(C)no2)cn1
3920,-7.766666667000001,Cc1cccc(-n2ccnc2SC(C)C(=O)NC2CC2)c1C
77139,-7.1,O=C(c1cncc(Br)c1)N(CCO)C1CCCC1
117332,-7.033333333,Cc1nc(C2CCCN(C(=O)c3nccnc3N)C2)sc1C
36527,-7.333333333,CCNC(=O)c1ccc(NC(=O)Cc2ccc(OC)cc2)cc1
106599,-7.633333332999999,Cc1ccc2nc(C(F)(F)F)nc(NCCO)c2c1
72774,-9.333333332999999,COCCC(=O)NCc1cccc(Oc2ccccn2)c1
99259,-8.633333333,Cn1cnc2cc(C(=O)NC3CCCCNC3=O)ccc21
96076,-6.333333333,Cn1c(CN)cc(=O)c2cc(Br)ccc21
36925,-8.233333333,c1cnc(N2CCN(Cc3csc4ccccc34)CC2)nc1
15059,-8.366666667,Cn1cc(-c2nc(C(=O)N3CCC3c3ccccc3)cs2)cn1
42900,-6.8666666670000005,CCCn1nnnc1CNc1cccc(Cl)c1
91029,-7.933333332999999,CCc1onc(C)c1NC(=O)c1cccc(OCc2cscn2)c1
79059,-8.333333332999999,Cc1cc(C(=O)NCc2ccccc2OC(F)(F)F)no1
98946,-7.066666667000001,CCCn1c(C)nnc1SC(C)c1cccc(OC)c1
58502,-8.333333332999999,Cn1c(=O)c2ccccc2n(CC(=O)Nc2ccccc2F)c1=O
91479,-6.933333332999999,COC(=O)CC(C)NC(=O)c1ccc(Cn2cc(Cl)cn2)o1
90962,-9.433333333,O=c1oc2ccc3ccccc3c2cc1-c1cn2cccnc2n1
86099,-8.233333333,O=C(OCCn1ccccc1=O)C1CC(=O)N(Cc2ccccn2)C1
28757,-6.333333333,COCCS(=O)(=O)NCC(O)c1c(Cl)cccc1Cl
88057,-7.233333332999999,CCn1c(C2CCCN2c2ncccc2C#N)nc2ccccc21
15678,-7.8,CCCc1nn(Cc2cc(-c3cccs3)on2)c(=O)o1
42419,-7.666666667,CCN(CC(=O)NC(C)c1ccc(NC(N)=O)cc1)c1ccccc1
69496,-8.233333333,COc1ccc(NC(=O)c2cc(=O)c3cc(OC)ccc3o2)cc1
70836,-7.7,CCN1CCC2(CN(C(=O)c3occc3C)CC2C)C1=O
82999,-8.8,CCCc1cc(C(=O)NC2c3ccccc3CC2NC(C)=O)[nH]n1
16743,-8.133333333,CC(C)(C)Cc1nnc(NC(=O)Cc2ccccc2)s1
15574,-7.333333333,N#CCCN(CCC(F)(F)F)S(=O)(=O)c1cc(F)ccc1F
125564,-7.166666667,CCN(C(=O)c1cc(OC)c2c(c1)OCCO2)C1CCCC1
58151,-8.3,c1cnc(-c2cc(NC3CCCC3)nc3[nH]ccc23)cn1
78803,-8.2,CCn1c(=O)c(Nc2ccc(F)c(Cl)c2)nc2ccncc21
80889,-7.0,CCOC(C)C(=O)Nc1c(C)noc1-c1ccccc1
3837,-8.666666667000001,O=C(CCn1cnc2ccccc21)Nc1cc(F)ccc1Cl
76457,-7.6,C=CCn1nnnc1SCCOc1cccc(Br)c1
84874,-8.633333333,c1ccc(-n2cncn2)c(CNc2nccc(C3CCCC3)n2)c1
29158,-7.833333333,Cc1nccc(CNC(=O)COc2ccc(F)cc2Cl)n1
11256,-8.233333333,N#Cc1ccc(CS(=O)(=O)c2nnc(N3CCCC3)s2)cc1
124396,-9.5,O=C(c1coc2ccccc2c1=O)N1CCN(c2ccccc2)CC1
105180,-8.466666667,COc1cc(CCNC(=O)Cc2ccccc2OC)ccc1C
100694,-6.533333333,OCC(O)Cn1ccnc1-c1ccc(Br)cc1
93955,-8.633333333,Cc1nc(-c2ccccn2)sc1C(=O)Nc1ccc(F)c(F)c1
43412,-8.133333333,CC(C)C(C)NC(=O)c1cccc(Nc2ncccn2)c1
45612,-9.3,CCCOc1ccc(NC(=O)NC(C)(C)CO)c(C)c1
32840,-7.266666667000001,C=CCn1c(=O)c2c(ncn2CC=C)n(-c2ccc(F)cc2F)c1=O
23422,-7.533333333,Cn1c(-c2ccccc2)cnc1NC(=O)NCc1ccccc1
82287,-8.2,COc1ccc(OCc2nc(-c3cccc(N)c3)cs2)cc1
37959,-9.5,CN(Cc1ccc(F)cc1)C(=O)Cn1nnc(-c2cccc(F)c2)n1
23584,-7.066666667000001,COCCn1c(C(=O)Nc2nc[nH]n2)cc2ccccc21
109953,-7.266666667000001,CC(C)(C)OC(=O)N1CCC(Sc2ncc(F)cn2)CC1
97981,-6.0,CC(C)n1cnc2cc(Br)c(F)cc21
125027,-8.0,CC(C)n1cc2c(n1)C(NC(=O)CCc1cccnc1)CCC2
128348,-8.3,COc1ccc2c(c1)C(=O)CC1(CCN(C(=O)OC(C)(C)C)CC1)O2
12294,-7.666666667,COc1ccc(NC(=O)N(C)C(C)c2cccc(O)c2)cc1F
22074,-8.333333332999999,Cc1cc(CN(C)C(=O)NCc2ccc(S(C)(=O)=O)cc2)no1
55771,-7.433333332999999,Cc1noc(C)c1CCC(=O)N(C)C(C)c1ccccn1
126467,-7.6,CCOCC(=O)Nc1ccc(C(=O)N2CCC(C)CC2)cc1C
37640,-7.666666667,Cc1nn(C)c(NCCC(C)c2ccccc2)c1N
65572,-8.066666667,Cc1ccc(NC(=O)CN(C)C(=O)CCc2ccco2)cc1
65622,-7.066666667000001,CCCc1ncc(C(=O)Nc2ccc3c(c2)COC3)s1
70730,-7.5,CC(=O)Nc1cccc(C(=O)OCC(=O)c2ccc(F)cc2F)c1
68781,-7.466666667,CCC(NC(=O)c1cc(=O)n(C)c(=O)n1C)c1cn2cccnc2n1
99288,-8.066666667,Cc1cc(C)n(-c2ccc(Cl)c(C(=O)Nc3nccs3)n2)n1
127383,-6.933333332999999,CCC(C)NC(=O)CN1C(=O)COc2ccc(N)cc21
17623,-8.033333333,O=C(Nc1cc(F)cc(F)c1)c1cc(=O)[nH]c2ccccc12
61190,-8.4,Cc1cc(C(C)NC(=O)N(C)Cc2cccc(C#N)c2)c(C)o1
90179,-8.2,COC(=O)CN(C)C(=O)c1cc(Br)c[nH]1
99636,-7.8,CC(=O)Nc1cccc(NC(=O)c2ccc(OC(C)C)cc2)c1
80026,-8.033333333,CCCn1nc(C(=O)Nc2ccc(Cl)c(Cl)c2)ccc1=O
23823,-6.633333333,CCOCC(=O)Nc1cccn(CC(F)(F)F)c1=O
64943,-8.166666667000001,CN(Cc1ccc(O)cc1)C(=O)C1CC1c1ccc(F)cc1
57115,-6.933333332999999,CCn1c(C)cc(C(=O)Nc2ccc(N3CCCC3)nc2)c1C
74467,-8.833333332999999,CC(C)(C)n1cc(NC(=O)Nc2ccc(-c3cc[nH]n3)cc2)cn1
72987,-7.066666667000001,CCC(OC)C(=O)NCCN1CCc2ccccc21
92760,-6.9,CC(C)c1nnc(NC(=O)C(C)c2ccsc2)s1
108246,-7.633333332999999,CC(C(=O)Nc1cccc(N)c1)n1cnc2ccccc21
117098,-9.066666667,CC(C)c1cc(N2CCN(C(=O)c3ccco3)CC2)nc2nncn12
108219,-7.2,COc1ccc(F)c(NC(=O)NCCCOC2CCOCC2)c1
120331,-10.43333333,COCCOCC(=O)NC(C)c1ccc(C)cc1
56962,-6.666666667,Cc1ccc(NC(=O)NC(C)CC2CCCO2)s1
53990,-7.3,CCC(C)n1ncc(C(=O)Nc2nc(C(C)C)nn2C)c1C1CC1
33833,-8.166666667000001,O=C(Nc1cccc2cnccc12)c1n[nH]c2ccccc12
25331,-7.033333333,CCCCN(CC)C(=O)Nc1cccc(Cn2ccnc2)c1
68466,-9.866666667,O=C(NCc1ccccc1OCC(F)(F)F)c1ccco1
22542,-8.1,CC(C)N(C(=O)CS(=O)(=O)c1ccccc1)c1ccccc1
112341,-9.5,CNC(=O)c1cccc(OC(=O)c2cc(-c3ccccc3)on2)c1
3009,-7.766666667000001,CCn1cc(C(=O)N2CCN(C(=O)c3ccccc3)CC2)cn1
27464,-6.7,O=C(CO)N1CCC2C1CC(=O)N2c1ccsc1
55393,-7.533333333,COC(C)(C)c1noc(-c2ccc(F)c(Br)c2)n1
12659,-8.3,O=C1OC(c2ccc(O)cc2)C(=O)C1Cc1ccccc1
81627,-7.033333333,CC(C)c1cccc(Oc2ccc3nnnn3n2)c1
17521,-7.066666667000001,Cc1ccc(SCC(=O)Nc2ccc(N)cc2C)cc1C
16245,-7.633333332999999,CCCC1CN(C(=O)CC2CCc3ccccc32)CCO1
100928,-5.433333332999999,COc1cc(C)c(NC(=O)c2cccn2C)cc1OC
42564,-7.9,CC(C(=O)NCCNC(=O)c1c(F)cccc1F)c1cccs1
60913,-7.3,COc1cc(SC)ccc1C(=O)Nc1ccc(N(C)C)nc1
33335,-10.2,CC(C)c1ccccc1OCCCN1C(=O)CCS1(=O)=O
9464,-9.0,Cc1noc2ncnc(N3CCC(C(=O)N4CCC(C)CC4)CC3)c12
69158,-7.633333332999999,CC(C)n1ccc2c(C(=O)NCc3cccn3C)cccc21
55370,-7.3,O=S(=O)(C1CC1)N1CC2CCC(C1)N2Cc1cccc(F)c1
93662,-7.533333333,COC(=O)CCN1CCN(C(=O)c2c(F)cccc2Cl)CC1
113260,-6.8666666670000005,CSc1nc(C(C)C)nc(C)c1C(=O)NCCCn1cccn1
20732,-8.4,N#Cc1cccc(C(=O)N2CCC3CCCCC3C2)c1
14126,-8.066666667,Cc1ocnc1CNC(=O)Nc1ccc(OC2CCC2)c(F)c1
77490,-8.2,COCCNc1nc(SC)nc(-c2ccc(C)cc2)c1C#N
103897,-7.3,CCC(=O)Nc1ccc(S(=O)(=O)NC2CC2)cc1
60861,-8.333333332999999,Cc1nn(Cc2ccccc2F)c(C)c1NC(=O)NCC1CCCO1
20591,-8.366666667,Cc1cc(N2CCc3ccccc3C2)cn2nc(N)nc12
113722,-7.4,CCS(=O)(=O)N1CCCC(CCc2ccccc2)C1
27932,-7.3,Cc1nn(C)c2nc(N3CCCC(C#N)C3)sc12
90743,-7.133333333,CC(C)CCOCc1ccc(F)c(C#CCO)c1
14844,-9.2,O=c1cc(C2CCC2)ncn1Cc1csc(-c2ccc(F)cc2)n1
49686,-8.666666667000001,CC(=O)Nc1ccc(CNC(=O)c2cc(F)ccc2F)cc1
53276,-7.2,COc1cccc(CCNC(=O)c2cc(-c3ccco3)on2)c1
71044,-7.733333332999999,COCCCNC(=O)Nc1ccc(C)c(-n2cnnn2)c1
75677,-7.033333333,COCCCCC(=O)N1CCN(C(C)c2cccnc2)CC1
65452,-7.766666667000001,O=C(c1cccc2cccnc12)N1CCCC(C(F)(F)F)C1
50369,-8.833333332999999,CCOCCC(=O)Nc1cc(OC)c(OC)cc1Br
4443,-6.666666667,CN(C(=O)CSc1nccn1C)C1(C#N)CCCCC1
81497,-8.066666667,CN(Cc1ccccn1)C(=O)NCCc1cccc(Cl)c1
76936,-6.9,COc1ccccc1-c1nnc(NC(=O)c2cccc(Cl)c2)o1
117543,-6.9,CC(CNC(=O)CSc1nncs1)CN1CCCC1=O
102586,-7.333333333,NC(=O)NCC(=O)Nc1ccc(-c2csnn2)cc1
110995,-7.3,CCOC(=O)C1(N2Cc3ncccc3C2=O)CCC1
101241,-8.7,CCOC(=O)NC1CCCN(CC(=O)Nc2nccs2)C1
8071,-7.633333332999999,Cc1noc(CC2CC3CN(C(=O)COC4CCCC4)CC3O2)n1
11302,-8.266666667,CCNC(=O)c1ccc(CNC(=O)c2c(C)c(C)nn(C)c2=O)cc1
77259,-8.633333333,O=C(CNC(=O)c1ccccc1)NCc1ccc(Cl)cc1Cl
64405,-8.2,Cc1cc(C)n2nc(C(=O)N3CCN(C)c4ccccc4C3)nc2n1
95971,-8.566666667,Cc1ccn2c(CN3CCN(c4nc(C)c(C)s4)CC3)cnc2c1
72507,-8.0,O=C(CCc1ccccc1F)Nc1cnn(CC2CC2)c1
35117,-8.566666667,CCC(CC)C(=O)NCCc1cc2ccc(C)c(C)c2[nH]c1=O
20874,-7.0,Cc1[nH]ncc1C(=O)N1CCCC(n2cncn2)C1
38471,-8.5,CCOc1ccc(CNC(=O)N2CCC(C)CC2)cc1OC
120503,-7.433333332999999,Cc1ccn2c(=O)nc(SCC(=O)NCc3ccccc3)nc2c1
25944,-7.233333332999999,NC(=O)CN1CCN(C(=O)c2ccccc2Cl)CC1
93227,-7.2,CCOc1cc(NC(=O)N(C)C(C)c2cccc(O)c2)ccc1OC
7848,-7.233333332999999,CCS(=O)(=O)NCCNC(=O)c1cccc(-n2cccc2)c1
54181,-8.666666667000001,Cc1noc(C)c1CCC(=O)N1CCCC1c1cccs1
68844,-7.8,NC(=O)CCn1ccc(NC(=O)COc2ccc(Cl)cc2)n1
19672,-7.233333332999999,Cc1ccc(OCC(=O)NCCc2cccs2)cc1
68102,-6.9,CCOC(=O)Nc1cccc(N2CCCS2(=O)=O)c1
25341,-6.333333333,CC(=O)NC(Nc1ccccc1F)C(Cl)(Cl)Cl
123298,-7.9,CCCCS(=O)(=O)N1CCN(C(=O)Cc2ccccc2F)CC1
123449,-7.9,COc1cc(OC)cc(C(=O)NCc2ccc(OC)c(OC)c2)c1
127554,-8.666666667000001,CCn1c(-c2cc(NC(=O)C3CCC3)[nH]n2)cc2ccccc21
30523,-7.9,N#CCn1c(CN2CCCC2Cn2cccn2)nc2ccccc2c1=O
51543,-7.2,COCCOC(=O)c1ccc(-c2nc3ccccc3s2)o1
12989,-6.933333332999999,COCCCNC(=O)NCc1ncc(C)c(OC)c1C
80158,-7.766666667000001,CCOCCNC(=O)N(CC)Cc1nc2ccccc2c(=O)[nH]1
94362,-7.633333332999999,CCCCNC(=O)CN1CCN(c2ccc(F)c(F)c2)C1=O
16626,-7.566666667000001,c1nc(N2CCCC2)c2nc3n(c2n1)CCCCC3
62579,-7.666666667,O=C(CSc1nccn1C1CC1)N1CCc2ccccc2C1
104838,-8.233333333,COc1cc(CO)cc(Cl)c1OCc1ccccc1F
78347,-7.633333332999999,O=C(Nc1ccccc1)N1CCCC1CC(O)c1ccco1
70196,-7.633333332999999,COc1ccccc1CCNC(=O)c1cc2c([nH]c1=O)CCC(C)C2
102313,-6.133333333,COCC(=O)NCC1CCN(S(C)(=O)=O)CC1
66655,-7.3,NC(=O)CSc1nnc2ccc(-c3ccco3)nn12
450,-7.833333333,Cc1cccc(NC(=O)CCSc2ccccn2)c1C(N)=O
75866,-8.233333333,CCC(C)NS(=O)(=O)c1ccc(NC(=O)C2CCCC2)cc1
115478,-7.833333333,Cc1cccc(C)c1NC(=O)c1cccc(N(C)C)c1
76078,-7.366666667,CCCN(CC1CC1)C(=O)c1cc(=O)[nH]c2ccccc12
73944,-9.2,O=c1[nH]c(NCCn2cnc3ccccc32)nc2ccccc12
120783,-7.866666667,Cc1nnsc1C(=O)N1CC2CC(C1)c1cccc(=O)n1C2
15340,-8.133333333,CC(C)Oc1ccc(CNC(=O)Nc2ccc3c(c2)COC3)cc1
61175,-5.6,CNc1nc(-c2sccc2Br)cs1
54127,-8.833333332999999,O=C(NCC(=O)N1CCCC1c1ccccn1)OCc1ccccc1
16059,-8.666666667000001,CCOc1ccc(C(=O)c2nc3c(n2O)CCCC3)cc1OCC
50308,-7.733333332999999,CN(Cc1c(F)cccc1Cl)C(=O)c1ccncc1
103125,-7.766666667000001,Cc1ccc(S(=O)CC(=O)NC2CCCCC2)nc1
78047,-7.7,COc1ccc2c(c1)nc(C(C)O)n2Cc1ccccc1
47477,-7.366666667,CCOC(=O)C(N)c1c(C)nn(-c2ccc(F)cc2)c1C
22559,-7.733333332999999,CCC(O)c1ccc2c(c1)C(NC(C)=O)CC1(CCCC1)O2
52227,-7.433333332999999,C#CCCN1CCN(C(=O)Cc2ccc(F)c(F)c2)CC1
99137,-7.933333332999999,c1ccc(OCc2nnc(SCc3ccccn3)o2)cc1
91693,-7.366666667,CCc1noc(CC)c1CNC(=O)c1cccnc1-n1cccn1
35276,-6.766666667000001,COc1ccc2c(c1)OCC(CNS(C)(=O)=O)C2
114813,-9.0,O=C(c1ccoc1)N1CCC2(CC(=O)N(c3cccc(F)c3)C2)C1
120773,-9.3,COc1cc(C#N)ccc1OCc1nc(Cc2ccccc2)no1
123473,-7.7,Cc1cc(C(=O)NCCc2ccccc2Br)on1
52921,-7.333333333,Cc1nc(CCNc2ncnc3c2cnn3CCO)cs1
22879,-8.666666667000001,CC(=O)c1cccc(NC(=O)Cn2ccc3sccc3c2=O)c1
69027,-8.266666667,Cc1cc(C(=O)NCCCn2cnnc2)c2cccc(C)c2n1
69475,-9.333333332999999,CC(=O)N1CCc2ccc(S(=O)(=O)Nc3cc(C)ccc3O)cc21
107418,-7.533333333,CC(=O)N1CCC(NC(=O)Cn2nnc3ccccc3c2=O)CC1
20894,-8.233333333,CC(=O)Nc1ccc(Cl)c(NC(=O)NCCC(=O)NC(C)C)c1
21112,-8.066666667,CC(=O)Nc1ccccc1C(=O)OCc1cccc(F)c1
55880,-8.466666667,CCn1c(COc2cccc3cccnc23)nnc1SCC(N)=O
6395,-7.3,COc1cc(C)c(S(=O)(=O)N(Cc2ccccn2)C2CC2)c(C)c1
39875,-8.7,Fc1ccc(CCNCc2ccc(-n3ccnc3)cc2)c(F)c1
25484,-7.1,COC(=O)C1CCN(S(=O)(=O)c2ccccc2F)CC1
38408,-6.466666667,Cc1nnc(NC(=O)COCC(F)(F)F)s1
40798,-6.966666667,CCn1c(C)cc(C(=O)Nc2ccccc2Cl)c1C
83057,-8.566666667,COc1ccc(CCC(=O)NCc2nc(C)sc2C)cc1OC
8567,-6.766666667000001,CCCCc1nnc(NC(=O)c2ccoc2C)s1
113238,-9.033333333,CCS(=O)(=O)NCCn1nc(-c2ccc(OC)cc2)ccc1=O
105676,-7.0,Cc1ccncc1NC(=O)N(CC(C)O)C1CCCCC1
59636,-8.5,CCc1nnc(NC(=O)CCC(=O)c2ccc(C)cc2)s1
50254,-6.9,COc1ccc(S(=O)(=O)N(C)Cc2ccoc2C)cc1
105115,-8.833333332999999,Cc1ccc(NC(=O)CCc2c(C)nn3cnnc3c2C)c(Cl)c1
14470,-8.366666667,O=C(Cc1c[nH]c2ccccc12)Nc1ccc(Br)cn1
46911,-9.8,O=c1[nH]c2cc(NS(=O)(=O)c3ccc4c(c3)CCC4)ccc2o1
13742,-7.433333332999999,O=C(Nc1nnc(C2CCCO2)o1)c1ccc(Br)cc1
81847,-7.866666667,O=C(Nn1cnc2c(cnn2-c2ccccc2)c1=O)c1ccccc1
77913,-6.933333332999999,COc1ncccc1NC(=O)NC(C)Cc1ccco1
26234,-7.433333332999999,CC(C)(C)OC(=O)N1CCC(NC(=O)Nc2ccccc2F)CC1
37371,-7.466666667,Nc1c(Cl)cc(S(=O)(=O)NC2CCCC2)cc1Cl
71835,-8.066666667,O=C(Nc1ncn[nH]1)C1CCN(c2ccc(-n3cncn3)nn2)CC1
107898,-7.466666667,C=CCCC(=O)NCC1CCN(c2cnn(C)c(=O)c2)CC1
99112,-7.233333332999999,CCOC(=O)C(N)Cc1nccn1-c1ccncc1
49055,-7.733333332999999,Cn1c(=O)n(C)c2cc(CNc3nc[nH]n3)ccc21
60326,-8.033333333,N#CC(CC(=O)NC1CCCC1)c1ccc2c(c1)OCO2
83419,-8.933333333,O=C(CN1CCN(C(=O)c2cccnc2)CC1)Nc1cccc(F)c1
123366,-9.0,Cc1ccc2c(CC(=O)N3CCC(C(N)=O)CC3)coc2c1C
99536,-7.7,CCS(=O)(=O)Nc1ccc(C(=O)Nc2ccc(C)cc2)cc1
77682,-9.0,COc1ccccc1OC1CN(C(=O)CCc2c(C)nn(C)c2C)C1
6086,-9.733333333,O=C(Cc1ccc(F)cc1)N1CCc2c(cnn2-c2ccccc2)C1
120252,-8.933333333,CC(=O)NC(C)(C)C(=O)NCc1ccc(COc2ccccc2)cc1
88176,-9.0,CCCNC(=O)Nc1ccc(S(=O)(=O)CC)cc1
66116,-7.0,C=CCN1C(=O)c2ccccc2NC1c1cccc(OCC)c1
129001,-8.533333333,CN1CCN(C(=O)Cc2cccc3ccccc23)CC1
96318,-8.6,Fc1ccc(-c2ccnc3nc(-c4ccncc4)nn23)cc1
25076,-9.366666667,O=C(CCc1cccnc1)N1CCN(C2CCc3ccccc3C2)CC1
92287,-7.133333333,CCCCN(C(C)=O)c1c(N)n(Cc2ccccc2)c(=O)n(C)c1=O
46842,-7.2,CCC(C)C(=O)Nc1cccc(-c2nnnn2C2CC2)c1
116085,-7.766666667000001,CCC(=O)Nc1cc2c(cc1C(=O)c1ccccc1)OCCO2
71892,-8.433333333,CSc1ccc(OC(=O)c2ccc(Cn3ccccc3=O)o2)cc1
127658,-7.7,CC(=O)NCCOc1ccccc1-c1ccccc1
9737,-7.066666667000001,C=CCN(Cc1ccccc1F)S(=O)(=O)c1cn[nH]c1
26437,-8.1,COC(=O)CCNC(=O)c1cc(-c2ccc(OC)cc2)nn1C
29051,-7.1,CCOc1cc(NC(=O)c2cc[nH]n2)ccc1OC
115802,-6.8,CCOC(=O)COc1cc(Br)c(C#N)cc1OC
62172,-7.633333332999999,O=C(COC(=O)c1ccccc1OC(F)F)c1ccc[nH]1
32561,-8.5,NC(c1cccc(OCc2c(F)cccc2Cl)c1)C(F)(F)F
33448,-8.133333333,Cc1nc2cc(C3NCCN(C)C3=O)ccc2n1C(C)C
51052,-7.266666667000001,COCc1c(Cl)cccc1NC(=O)N(C)Cc1noc(C)n1
98554,-7.533333333,OCc1nnn(CCCc2ccccc2)c1C(F)(F)F
120124,-7.9,CC(C)(O)CN(CCN1CCOCC1)Cc1ccc(F)cc1
51777,-6.833333333,CCCCn1c(C)c(C)c(S(=O)(=O)c2ccccc2)c1NC(C)=O
94498,-7.333333333,O=C(COC(=O)c1ccc[nH]1)Nc1ccc(F)cc1
112263,-7.833333333,Cc1ccc(C)c(NC(=O)Cn2c(=O)n(C)c(=O)c3sccc32)c1
3624,-9.266666667,Cc1ccccc1CC(=O)NCCc1nc2ccccc2n1C
128978,-7.8,O=C(CC(c1ccco1)n1cccc1)NCc1ccc(F)cc1
45813,-6.8666666670000005,CCNc1nnc(-c2cc(C(C)C)oc2COC)s1
100228,-7.7,CC(=O)c1c(C)[nH]c(C(=O)N2CCN(C(C)=O)CC2)c1C
129509,-7.466666667,CCC1c2ccsc2CCN1C(=O)c1cc(C(N)=O)cn1C
128239,-8.7,CC(Sc1nnc(C2CC2)n1N)C(=O)N1c2ccccc2CC1C
21602,-8.966666667,Fc1ccc(CN2CCc3nc(N4CCOCC4)ncc3C2)cc1F
84514,-7.466666667,CCCCN(Cc1cc2ccccc2[nH]c1=O)C(=O)c1ccccc1
52267,-6.9,Cc1cccc(CCC(=O)N(C(C)C)C2CCOCC2)c1
38607,-7.466666667,CCOC(=O)C1=C(C)N(C2CCCC2)C(=O)NC1c1ccncc1
68650,-5.966666667,COCc1csc(=NS(=O)(=O)CCC2CC2)[nH]1
86279,-8.633333333,CN(Cc1ccc2c(c1)OCO2)S(=O)(=O)c1cccc(F)c1
24844,-7.4,CN(C)S(=O)(=O)Oc1ccc2ccccc2c1
24926,-9.166666667000001,c1cc2c(cc1-c1nnc(NCc3cnc(C4CC4)s3)o1)OCO2
111124,-8.833333332999999,CC1CN(c2ccc(Nc3ccc(C#N)cn3)cn2)CC(C)O1
123974,-7.866666667,COc1cc(C2(C(=O)NCCNC(C)=O)CC2)ccc1C
115537,-8.7,Fc1ccc(Cc2nnc3sc(-c4ccn[nH]4)nn23)cc1
35465,-8.5,CCn1cnnc1-c1cccc(NC(=O)CCc2nc(C)no2)c1
76962,-6.533333333,CC1CN(C(=O)CCn2cc(Cl)cn2)CC(C)O1
103352,-7.333333333,CCn1c(-c2ccc(Cl)cc2Cl)ccc(N)c1=O
78025,-8.433333333,O=C(CCC1CCCO1)N1CCN(Cc2ccc(Cl)cc2)CC1
13026,-8.833333332999999,Cc1cc2[nH]c(=O)[nH]c2cc1NC(=O)c1ccc2c(c1)OCO2
35170,-8.2,CC(=O)Oc1ccc(-c2ncc3ccccn23)cc1
81800,-7.4,NS(=O)(=O)c1ccc2c(c1)CCN2CC(=O)NC(C1CC1)C1CC1
45839,-8.5,O=C(NCc1ncc[nH]1)Nc1ccc(C(=O)NC2CC2)cc1
39522,-6.966666667,COCCN(C)C(=O)c1cc2c(F)cccc2[nH]1
86085,-7.866666667,C#CCOC(=O)c1ccc(-c2cc(N)ccc2OC)o1
113158,-7.6,O=c1cc(CSc2ccccc2)nc(-c2cccnc2)[nH]1
46679,-7.466666667,Cc1cc(C)nc(CN(C)c2nc(C(C)C)nc3c2cnn3C)c1
126313,-8.2,CC(=O)NCC1CCC(c2ccnc(Nc3nccs3)n2)CC1
77257,-8.133333333,Cc1noc(C)c1C(=O)NC(C)c1cc2ccccc2o1
46117,-7.7,Cc1nc(C)c(C(=O)N(CCC(N)=O)c2ccccc2)s1
21012,-7.633333332999999,CCNC(=O)CNC(=O)NC(C)Cc1ccccc1F
23616,-7.6,CC1CC(c2ccc(F)cc2)CN1S(=O)(=O)N(C)C
6356,-7.033333333,COc1ccc(-c2c(N)nc(=O)[nH]c2C)c(OC)c1
110506,-7.333333333,C=CCN(C(=O)c1c[nH]c2ncccc12)C1CCCC1
40766,-7.866666667,CCCN1Cc2cccc(C(=O)NCc3ccccc3OC)c2C1=O
91871,-6.9,c1ccc2c(c1)CCC21CN(Cc2ccc(-n3cncn3)cc2)CCO1
39916,-7.566666667000001,Cc1ccc(CN(C)C(=O)Nc2cccc3c2OCCO3)s1
58776,-7.133333333,CS(=O)c1ccc(NC(=O)c2ccon2)cc1F
80245,-6.533333333,COC(=O)Cn1cc(NC(=O)c2cc(Br)c[nH]2)cn1
3388,-6.333333333,COc1ccc(C)c2sc(N3CCOCC3)nc12
1306,-8.566666667,Cc1cc(N)cc2c(=O)cc(C(=O)NCc3ccccn3)oc12
42968,-7.966666667,CC(=O)NCC(=O)Nc1nnc(Cc2ccccc2C)s1
86169,-6.9,Cc1ccc(OCC(=O)Nc2ccc(C)c(N)c2)cc1C
12658,-7.733333332999999,Cc1cnccc1C1NCCc2c1ccc(C)c2F
1557,-6.8,CCC1CCC(NC(=O)Nc2nnc(CCC(=O)OC)s2)CC1
95025,-8.333333332999999,COCCNC(=O)C1CCC(C)N(C(=O)Cc2ccc(F)cc2)C1
28991,-7.3,N#Cc1ccccc1NC(=O)Cn1ncccc1=O
87594,-8.6,Nc1ccccc1-c1nnc(-c2ccc(F)cc2)o1
39943,-7.4,CCC(C)Oc1ccc(NC(=O)NCc2cnc(C)s2)cc1
68627,-8.2,Cc1noc(COCC(=O)Nc2cccc(-c3ncon3)c2)n1
33592,-8.7,O=C1CCc2cc(S(=O)(=O)N3CCCCC3)cc3c2N1CC3
118464,-6.9,Cc1ncsc1C(=O)N(C)Cc1ccc(O)cc1
83318,-6.666666667,Cn1c(SCc2nc(-c3cccs3)n[nH]2)nnc1-c1ccco1
15524,-6.066666667000001,CCC(C#N)C(=O)Nc1ccc(Br)cn1
96603,-7.1,Cc1ccc(C(=O)N(Cc2ccco2)CC2CCCO2)c(C)n1
53732,-6.733333332999999,COc1ccc(-c2nc(CO)cs2)cc1OC
51618,-8.366666667,CN(Cc1ccc2c(c1)OCO2)C(=O)CCCNC(=O)c1ccco1
69422,-9.033333333,Cc1cc(CC2COCC2Nc2nccc(C3CCCC3)n2)on1
5185,-7.166666667,CSc1nn2cc(-c3ccc(F)cc3)nc2s1
6847,-7.9,Cc1nc(C(=O)NC2(C#N)CCCC2)ccc1C#N
84881,-6.933333332999999,O=C(CN1CCOCC1C1CC1)NCCCN1CCCC1=O
115386,-6.066666667000001,CC(C)(C)C(O)CCNC(=O)Nc1cccs1
85619,-7.9,COC(=O)CC1CCN(C(=O)c2ccc3ccn(C)c3c2)CC1
124916,-8.7,N#Cc1ccc(OCC(=O)Nc2cccc(C(F)(F)F)c2)cc1
4797,-8.933333333,Cc1csc(=O)n1CCC(=O)NCc1cccc(C(F)(F)F)c1
77156,-9.266666667,COC(=O)c1ncoc1-c1ccccc1C(=O)NC(C)C
5176,-9.933333333,CN1CCN(C(=O)c2ccnc(-c3ccc(C(C)(C)C#N)cc3)c2)CC1
119737,-9.1,CSc1ccccc1NCc1cccc(C(=O)N2CCCCC2)c1
29862,-8.533333333,COc1cc(CNC(=O)N2CCc3ccccc32)ccn1
101982,-8.6,Cc1oc(C)c(C(=O)C(C#N)c2ccc(C(F)(F)F)cn2)c1C
124125,-7.4,Cc1nn(C)c(C)c1CN(C(=O)c1cc2ccccc2n1C)C(C)C
26348,-7.533333333,COc1ccc(C(C)NC(=O)c2snc(C#N)c2N)cc1
39084,-8.2,CCOc1ccc(-n2nnnc2CNC(=O)CC2CCCC2)cc1
10049,-7.7,CC1COCCN1C(=O)CCNC(=O)c1ccccc1
110765,-7.966666667,Cc1ccc2nc(NC(=O)CCn3c(C)csc3=O)sc2c1
130072,-8.533333333,CCC(OC)C(=O)N1CCn2c(nnc2C(C)C)C1
104598,-7.466666667,Cc1c(C(=O)N(C)Cc2cc(-c3cccnc3)no2)cnc2ccnn12
12487,-7.466666667,CN(C(=O)Cc1ccc(F)cc1F)c1ccccc1S(C)(=O)=O
61070,-8.566666667,O=C(Cc1ccc2c(c1)OCO2)Nc1ccc(F)cc1F
126485,-8.766666667,Cc1ccc(C#N)cc1S(=O)(=O)N(C)c1cccc2ncccc12
49907,-8.533333333,Cc1ccc(-c2n[nH]cc2CNCc2ccc(-n3ccnc3)nc2)o1
104351,-7.933333332999999,CCC1CCCN(C(=O)Cc2ccc(OC)c(OC)c2)C1
56998,-9.066666667,N#CCc1ccc(NC(=O)c2cc(-c3ccccc3)[nH]n2)cc1
29249,-9.5,Cc1cc(NC(=O)Cc2c[nH]c3ccccc23)ccc1N1CCCC1=O
14306,-7.166666667,Cc1ccc(S(=O)(=O)N(C)CC(=O)NCCO)cc1C
90415,-6.933333332999999,CCC1(C)Nc2cc(Cl)ccc2N(CCCC#N)C1=O
39269,-6.733333332999999,CC(=O)NCC(=O)N(C)CCOc1ccccc1F
36671,-8.3,CC(=O)N1CCCC1C1CCCN1c1cnc2ccccc2n1
14263,-7.666666667,CC(Cn1cncn1)NC(=O)NCC1(Sc2ccccc2)CC1
116010,-8.633333333,Cc1nn(Cc2ccccc2)c(C)c1CNc1cnn(CC(F)F)c1
64939,-7.033333333,CCNC(=O)c1c(C)nc(N)nc1-c1cc(OC)c(OC)c(OC)c1
108747,-8.566666667,O=C(c1cn2cccnc2n1)N1CCCCC1Cc1ccccc1
74668,-6.966666667,CN(C(=O)c1cnccn1)C1CCCN(C(=O)OC(C)(C)C)C1
24729,-8.2,C#CCOc1ccc(CN2CCCC(c3nnc4n3CCC4)C2)cc1
6172,-8.266666667,Cc1cc(C(=O)NC(C)c2c(C)nn(C)c2C)c2c(C)noc2n1
18840,-7.666666667,COC(=O)c1ccc2ccn(Cc3cscn3)c(=O)c2c1
35057,-9.2,Cc1nn(C)c(C)c1NC(=O)CSc1cc(C)c2ccccc2n1
20510,-7.733333332999999,O=C(Nc1ccc(N2CCCC2)nc1)c1c(F)cccc1Cl
108914,-7.733333332999999,CCN(Cc1ccccn1)C(=O)Nc1cnn(-c2ccccc2F)c1
58302,-5.766666667000001,CN(CC(=O)NC(C)(C)C)S(=O)(=O)c1ccc2c(c1)CCC2
89289,-7.333333333,N#CCc1cc(Br)cc(Br)c1
21791,-6.966666667,CCOC(=O)c1cnn(-c2ccccn2)c1CN1CCOCC1
15322,-6.966666667,O=C(CCNS(=O)(=O)c1cccnc1)NCc1cscn1
94898,-8.233333333,C#CCN(Cc1ccc(F)cc1)Cc1cnc(N2CCOCC2)nc1
105756,-6.666666667,O=C(Nc1cccs1)N(Cc1ccsc1)CC(F)(F)F
65368,-7.433333332999999,CC(C)CCC(=O)Nc1sc2c(c1C(=O)NC1CC1)CCC2
53826,-9.4,Cc1ccc(NC(=O)Cn2nc3c(cc2=O)CCCC3)c(C)c1
53333,-6.833333333,CNC(=O)c1cc(S(N)(=O)=O)ncc1OC1CC1
26906,-8.066666667,CS(=O)(=O)N(Cc1nc(C2CC2)no1)c1cccc(C#N)c1
43421,-7.866666667,O=C(Cc1ccc[nH]1)N1CCN(c2ccc(F)cc2)CC1
127604,-7.2,COC(=O)Cc1csc(NC(=O)c2cccc(OC)c2)n1
21224,-6.566666667000001,CC(C)CNC(=O)N1CCCC(C(=O)N2CCOCC2C2CC2)C1
89944,-7.733333332999999,O=C(c1cc(Cl)c[nH]1)N1CCN(c2ccccc2O)CC1
12527,-8.433333333,O=C(NCC12COCC1CN(c1ncc(F)cn1)C2)c1ccco1
109842,-7.7,CCOC(=O)CCC(C)NC(=O)N1CCOC(c2ccccc2C)C1
88232,-8.833333332999999,CNS(=O)(=O)c1cccc(CNC(=O)NCCc2ccccn2)c1
24281,-7.3,Cc1csc(C(N)c2c(F)cc(F)cc2F)n1
11145,-6.666666667,Cc1ccc(OCC(=O)NC(C)(C)C)c(C(C)O)c1
65104,-8.833333332999999,Cc1cccc(CC(=O)N2CCC(c3cc(C)n[nH]3)CC2)c1
7600,-7.366666667,O=C(NCC1(Sc2ccccc2)CC1)C1CCOCC1
23030,-7.466666667,COc1ccccc1NC(=O)Nc1ccc2oc(C)nc2c1
81379,-8.133333333,CCNC(=O)C(Cc1cccc(N)c1)c1ccccc1F
125285,-7.1,COc1ccccc1CC(=O)Nc1ccc(C#N)c(Cl)c1
54274,-7.1,COc1ccc2nc(-c3ccco3)c(-c3ccco3)nc2c1
127254,-6.766666667000001,Cc1ccc(C(=O)NCC(c2cccs2)N2CCCC2)s1
114063,-7.666666667,Cc1cscc1C(=O)N1CCCC1CC(=O)c1cnn(C)c1
95698,-8.333333332999999,Cn1cc(CCC(=O)Nc2ccc3c(c2)nc(C(C)(C)C)n3C)cn1
13743,-7.2,COc1cc(C)sc1C(=O)N1CCC(CN2CCOCC2)CC1
80759,-8.566666667,COc1cccc(-c2n[nH]c3c2CN(C(=O)c2ccsc2)CC3)c1
25146,-8.233333333,Cc1nc2ccccc2n(CC(=O)NC2CCCCCC2)c1=O
85880,-7.833333333,Cc1nsc(N2CCN(C(=O)c3c[nH]c4cccc(F)c34)CC2)n1
76099,-7.266666667000001,COc1ccc(NC(=O)N(C2CC2)C(C)c2ccccn2)cc1
111104,-7.166666667,Cc1ccc(C(=O)N(C)C)cc1OCC(=O)NC(C)c1ccccc1
126680,-8.766666667,CC(C)NC(=O)c1nnn(-c2cccc(Cl)c2)c1N
113910,-8.566666667,N#Cc1cccc(CNC(=O)Nc2ccc(-c3csnn3)cc2)c1
84147,-8.366666667,Nc1cc(-c2cccs2)nn(CC(=O)N2CCCCC2)c1=O
84169,-7.166666667,CCOC(=O)C(O)(c1ccc(OC)c(F)c1)C(F)(F)F
30061,-9.2,O=C(Cc1ccc(F)c(F)c1)Nc1cccc2cnccc12
83336,-7.1,CCC(O)c1cc(C)cc2c1OCCC2NC(=O)C(C)C
10473,-9.366666667,CC(=O)c1ccc(S(=O)(=O)Nc2ccc3c(c2)CCC3)cc1
109978,-7.9,Cc1cccnc1NC(=O)Nc1ccc2c(c1)OCCO2
26216,-8.266666667,Cc1sc2c(c1C)c(=O)nc1n2Cc2ccccc2C1
66883,-7.066666667000001,Cc1cccc(NC(=O)NCc2cnc(C)s2)c1
39446,-7.166666667,O=C(c1cc2sccn2c1)N1CCN(C(=O)C2CCC2)CC1
42486,-8.033333333,COc1nc(C)cc2c(NCc3ccncc3)cccc12
16094,-8.033333333,Cc1nc2ccc(Cl)cc2cc1C(=O)Nc1nccs1
91402,-7.866666667,N#Cc1cccc(CNC(c2ccc(Cl)cc2)c2ncon2)c1
28739,-8.333333332999999,O=C(NC1CCC(O)CC1)C1CCCCC1C(=O)N1CCCC1
122079,-8.366666667,CCOc1ccc(CN(C)C(=O)COn2nnc3ccccc32)cc1
83448,-7.733333332999999,COc1ccc(F)c(NC(=O)NCc2cccc(C(N)=O)c2)c1
41718,-8.3,CC(C)c1csc(NC(=O)CNC(=O)c2ccc(F)c(F)c2)n1
38805,-7.533333333,CC(C)=CCCC(C)=CCNC(=O)c1ccc(=O)n(C)c1
83992,-7.566666667000001,CC(=O)Nc1nonc1NC(=O)COc1ccccc1
5090,-7.5,CCc1c(C(=O)NCCCNC(C)=O)cnn1-c1ccc(F)cc1
99067,-7.633333332999999,COCc1nc(C)cc(N2CC(=O)N(C(C)C)C(C)(C)C2)n1
107687,-8.933333333,CCOc1cc(C(=O)NCc2nc3ccccc3s2)ccc1OC
9375,-10.13333333,Cc1ccc(C(=O)N2CC(c3nc(-c4ccccc4)no3)C2)cc1C
2655,-6.3666666670000005,CCN(C(C)C)S(=O)(=O)c1ccc(O)c(N)c1
90657,-7.8,CCN(CCc1ccccc1)C(=O)c1csc(-c2ncccn2)n1
79280,-7.333333333,CCOC(=O)C1CCN(C(=O)Cc2ccccc2)CC1
34939,-9.133333333,O=C(Nc1cnn(-c2ccccn2)c1)NC1CCOc2ccccc21
109725,-8.566666667,CCc1noc(CNc2cccc(-n3nnnc3C)c2)n1
1723,-6.7,COc1ccsc1C(=O)OCc1nncn1C1CC1
31806,-6.9,Cc1oc(S(=O)(=O)N(C)C)cc1C(=O)N(C(C)C)C1CCC1
49036,-7.7,Cc1n[nH]cc1NC(=O)COc1cc(Cl)c(Cl)cc1Cl
73492,-9.033333333,Cc1cc(N2CCN(c3ccc(C#N)cc3F)CC2)n2ncnc2n1
111426,-7.866666667,CC1CCN(C(=O)C2COc3ccccc3O2)CC1
62311,-7.766666667000001,CC1CCCCC1CNC(=O)c1ccnc(F)c1
113397,-8.133333333,COc1cccc(CN2CCCC3(C2)C(=O)N(C)c2ccccc23)c1
120000,-7.366666667,CSc1nnc(SCC(=O)N(C)C(C)C)s1
115878,-6.9,O=C(Cn1cc(Br)c(=O)[nH]c1=O)NCc1cscn1
123592,-6.7,Cc1cc(CNC(=O)Cc2c(C)nc(-c3ccccn3)[nH]c2=O)no1
41359,-8.366666667,CS(=O)(=O)N1CCCN(C(=O)C2COc3ccccc3O2)CC1
74413,-7.966666667,O=C(Nc1nc2c(s1)CCC2)C1CCN(CC(F)(F)F)CC1
109662,-8.266666667,CC(C)CC(=O)N1CCC(c2nccnc2Nc2ncccn2)CC1
45798,-7.4,COC(=O)c1cccc(C(=O)N(CCO)Cc2ccccc2)c1
85986,-7.0,COc1ccc(OC)c(Nc2cc(C#N)ccn2)c1
118902,-8.433333333,CC(=O)NCC1NCCc2c1ccc(C)c2Cl
78618,-5.766666667000001,Cc1noc(-c2cccc(F)c2)c1C(=O)NCCOC(C)C
14850,-9.066666667,CC(=O)NC1CCN(Cc2cnc3c(-c4ccccc4)cnn3c2)C1
5216,-6.633333333,CCCS(=O)(=O)N(CCO)c1ccc(C#N)cc1
124761,-7.5,CCCn1c(SC(CC)C(=O)Nc2cc(C)on2)n[nH]c1=O
33300,-6.9,Cc1sc(=O)n(CC(=O)NCC(C)(C)C(N)=O)c1C
72792,-6.3,Cc1ccc(CN(C(=O)c2cn[nH]c2)C2CC2)cc1
119588,-8.4,Cc1nonc1C(=O)NC1CC(=O)N(Cc2ccc(F)cc2)C1
32726,-7.933333332999999,COc1ccnc(N2CCN(Cc3ncc(C(C)(C)C)o3)CC2)n1
103691,-6.733333332999999,Cc1c(C(N)=O)sc2nc(C)n(CC#N)c(=O)c12
117315,-7.6,Cc1ccc(NC(=O)c2ccc(=O)n(C)c2)cc1F
124453,-7.3,CC(=O)Nc1ccc(F)c(C(=O)N(C)CCC#N)c1
5052,-7.866666667,Nc1cc(=O)[nH]c(SCC(=O)Nc2cc(F)ccc2F)n1
123118,-7.633333332999999,CCOc1ccc(C2CC(=O)Nc3c2cnn3C(C)C)cc1
46686,-7.933333332999999,CCOC(=O)CC(C)CNC(=O)N1CC(C)c2ccccc21
110546,-8.466666667,COc1ccc(NC(=O)c2ccncc2)cc1N1CCCC1=O
67660,-6.9,CCc1nnc(NC(=O)c2csc(C)n2)s1
23520,-7.933333332999999,O=C(c1csc(Nc2ccccn2)n1)N1CCCCC1
25151,-9.1,O=C(COc1ccc(F)c(F)c1)Nc1ccc2c(c1)OCCCO2
85112,-7.866666667,CCC(C)NS(=O)(=O)c1cc(C(=O)C2CC2)ccc1F
92840,-9.6,NC(=O)c1cnc(NC(=O)C2COc3ccc(F)cc3C2)s1
35887,-7.766666667000001,CCc1nc(N2CCCC2=O)sc1C(=O)Nc1ccc(F)cc1C
22878,-6.566666667000001,CCc1sc(C(=O)NCCN2CCOCC2)cc1Br
92432,-8.1,Cc1nc(C)c(C(=O)N(C)CCOc2cccc(Cl)c2)s1
94169,-7.133333333,CC(=O)N(c1ccc(O)cc1)S(=O)(=O)c1ccc(C)cc1
67897,-7.733333332999999,Cc1c(C(C)(C)O)cnn1-c1ccc(C(C)C)cc1
29132,-6.666666667,CCCNC(=O)c1ccc(Cl)cc1NC(C)=O
53216,-7.966666667,CCC(C)NC(=O)C1CC(=O)N(CCc2ccccc2)C1
45446,-7.366666667,CN(c1ccccc1F)S(=O)(=O)c1ccccc1
120646,-6.766666667000001,N#CCCCN1C(=O)C(c2ccccc2)Nc2ccccc21
112018,-6.8666666670000005,Cc1cccc2c(N(C)CCO)ncc(Br)c12
118181,-7.333333333,COC(=O)c1c(C)[nH]c(C(=O)Nc2cc(Cl)ccn2)c1C
29681,-7.333333333,CCn1nc(C)c(NC(=O)C2(c3ccccc3)CCOCC2)c1C
20571,-6.966666667,CCNC(=O)CN(C)c1nccc(C(F)(F)F)n1
30821,-8.933333333,Cc1ccc(C(=O)COC(=O)c2cc(=O)[nH]c3ccc(C)cc23)cc1
84046,-8.633333333,CC(Nc1ccnc(Cc2ccccc2)n1)C(=O)N1CCOCC1
29598,-7.433333332999999,Cc1cc(C)n(-c2nc(C)c(C)c(=O)n2CC(=O)N2CCCC2)n1
49952,-8.066666667,CCc1nc2n(n1)CCCC2NC(=O)C1C2CCCCC21
111420,-8.066666667,CC(C)c1ccccc1NCC(=O)c1cccc(N)c1
127441,-5.533333333,CCOC(=O)C(C)Sc1nnc(N(C)C)s1
114344,-6.566666667000001,Cc1nc(-c2nc3c([nH]2)CC(C)(C)CNC3=O)sc1C
27400,-8.533333333,Cc1nn(C)cc1CNC(=O)c1c(-c2ccccc2Cl)noc1C
78508,-7.733333332999999,O=C1CCc2cc(NC(=O)NCc3ccccc3)ccc2N1
45600,-7.766666667000001,O=C(c1ccccc1F)N1CCn2c1nc1ccccc1c2=O
54893,-6.633333333,CCOC(=O)c1sc(NC(=O)Nc2ccc3c(c2)OCO3)nc1C
28903,-9.1,Cc1cc(C)n(C(C)c2nc(-c3cc4ccccc4o3)no2)n1
25365,-7.9,Cc1cc2sc(NC(=O)c3ccc(N)cc3)nc2cc1N
129406,-6.766666667000001,CCc1ccc(-c2ccc(CO)c(=O)n2CCCOC)cc1
119614,-8.966666667,O=C(NCc1cccnc1)Nc1ccc(-c2nccn2C(F)F)cc1
34426,-7.3,COc1ccc(C(O)C(=O)N(C)C)cc1C(C)(C)C
33398,-7.666666667,Cc1ccc(C)c(C(=O)N2CCN(C(=O)N(C)C)CC2)c1
93610,-7.666666667,CCOC(=O)CC(NC)C(=O)c1ccc(Cl)c(Cl)c1
52470,-8.266666667,O=C(NCC(F)(F)F)c1ccc(-n2cccc2)cc1
107054,-7.033333333,COCCNC(=O)CN(C)c1cnc2ccccc2n1
58269,-8.933333333,CC(=O)N1CCCC1c1nc(C)cc(Oc2ccccc2C)n1
33995,-7.433333332999999,Cc1ccc(S(=O)(=O)NC(C)C(=O)N2CCC2)cc1
96548,-8.033333333,CCS(=O)(=O)N1CCc2nc(NC(=O)CC(C)(C)C)sc2C1
98307,-8.9,CC(=O)c1ccc(N2CCN(Cc3nnc(C4CC4)o3)CC2)c(F)c1
27689,-8.433333333,O=C(COc1ccc(Cl)c(Cl)c1)NCc1nnc2n1CCC2
58208,-7.9,COc1ccc(CN2CC3CN(C(=O)c4ccco4)CC3C2=O)cc1
34622,-7.0,CC(=O)NC1CN(Cc2cccs2)CC1c1ccc(C)o1
39450,-8.433333333,CC(=O)N1CCC(C(=O)Nc2cccc(Cl)c2C)CC1
113312,-7.7,Cc1ccc(-c2ncco2)cc1NC(=O)CCC(=O)N1CCOCC1
74770,-7.4,COc1ccc(NC(=O)NCc2ccc(C)cc2)cc1OC(F)F
126490,-8.866666667,CC(=O)N1CCCC(C(=O)NCc2ccc3c(c2)nc(C)n3C)C1
49338,-9.633333333,CSc1cccc(NC(=O)c2cccc(-n3cnnc3)n2)c1
81175,-7.966666667,Cc1ccc(NC(=O)Cn2cnc3ccc(Cl)cc3c2=O)cc1F
6319,-7.6,COCCNc1nc2nonc2nc1N1CC2CCCC1C2
49579,-9.033333333,c1ccc(-n2nnnc2N2CCN(c3ccc4nccn4n3)CC2)cc1
41915,-7.5,COC(=O)c1ccc(NC(=O)c2cccnc2N2CCOCC2)cc1
98927,-7.366666667,CC(=O)Nc1ccc(O)c(C(=O)NCCc2ccc(F)cc2F)c1
50204,-7.433333332999999,CCS(=O)(=O)c1ccc(S(=O)(=O)NCc2cscn2)cc1
22394,-9.333333332999999,Cc1nc(-c2ccc(F)cc2)sc1C(=O)C(C#N)c1ccccn1
91513,-7.633333332999999,CCc1nc(COc2ccc(N(C)C(=O)NC(C)C)cc2)cs1
45799,-9.233333333,C#CCNC(=O)c1c(-c2ccc(F)cc2)noc1C
44655,-6.566666667000001,CCOC(=O)N1CCN(C(=O)C2CC=CC2)CC1
56472,-8.666666667000001,COCCN(Cc1ccc(C)o1)C(=O)Nc1ccc(OC)cc1C
66627,-6.7,O=C1C2CCCN2C(c2ccccc2F)N1c1ccc(F)cc1
31679,-6.133333333,O=C1COc2c(cc(Br)c(Cl)c2Cl)N1
19921,-7.1,Cn1cc(CCCSc2nc3sccc3c(=O)n2C)cn1
80153,-9.666666667000001,COc1ccccc1CNC(=O)Cn1nnc2ccccc2c1=O
24262,-7.166666667,CCCNc1nnc(-c2csc(-c3ccco3)n2)s1
122320,-7.666666667,Cc1ccc(S(=O)(=O)NC(C)(C)C)cc1C(=O)NC1CC1
126186,-8.5,O=C(Nc1cc(F)cc(F)c1)c1c[nH]c2cc(F)cc(F)c2c1=O
112874,-7.433333332999999,CCCCS(=O)(=O)N1CCC(C(=O)Nc2cccc(C)n2)CC1
24095,-8.433333333,Cc1ccnc(CC(C)N(C)Cc2cccc(C#N)c2)c1
94331,-8.533333333,O=C(NCC1(c2ccccc2)CCOCC1)c1cnc2ccccc2n1
70732,-9.6,CN(C)C(=O)c1ccc(NCc2ccc(Cn3cncn3)cc2)nc1
54230,-9.566666667,Cc1cccn2c(=O)cc(COc3cccc(N4CCCC4=O)c3)nc12
117849,-6.766666667000001,COCc1noc(CC2CN(c3ccncn3)CCO2)n1
82548,-8.866666667,COc1ccc(S(=O)(=O)NCc2ccc3c(c2)OCCO3)cc1
121131,-8.866666667,CC(NC(=O)Cc1ccc[nH]1)c1cccc(OCc2ccccn2)c1
37831,-8.9,C#Cc1cccc(N(Cc2noc(-c3ccoc3)n2)C(C)C)c1
37196,-9.633333333,COc1ccc(-c2csc(Cc3nnc4n3CCCCC4)n2)cc1
5546,-6.466666667,COC(=O)C1=C(C)N(C)C(=O)CC1c1ccccc1OC
79609,-8.166666667000001,COC(=O)C1CCCN1C(=O)c1nccc2c(N)cccc12
17029,-7.733333332999999,CCCOc1ccccc1NC(=O)CCc1c(C)n[nH]c1C
33089,-7.9,CC(=O)c1cccc(S(=O)(=O)N2CCC3(CCCC3)CC2)c1
104400,-8.866666667,Cc1noc(C)c1C(C)NC(=O)c1cnn(-c2ccccc2F)c1C
86437,-7.266666667000001,CCOC(=O)C1CCCN(C(=O)c2ccc(C#N)cc2)C1
4533,-8.066666667,Cc1ccc(NC(=O)c2ccccc2Cl)c(OCC(=O)N(C)C)c1
56697,-6.766666667000001,COc1ccc(Cl)cc1NC(=O)N1CCn2cccc2C1C
21038,-7.866666667,CC(C)(C)OC(=O)Nc1cc(NC(=O)c2csnn2)ccc1F
88519,-7.833333333,O=C(NCc1ccc(F)c(Cl)c1)c1cscn1
35132,-6.8666666670000005,Cc1cccc(CN(C(=O)CCc2ccncc2)C2CC2)c1
38684,-7.866666667,COc1ccc(NC(=O)c2cc3c(cn2)OCC3(C)C)cc1OC
33066,-8.333333332999999,Cc1noc(C)c1CCC(=O)NC(CC(C)(C)C)c1ccc(F)cc1
121350,-8.966666667,Cc1cc(C)n(Cc2cccc(CNC(=O)c3csc(C)n3)c2)n1
24515,-9.0,O=C(NCCc1ccccc1)c1nc(-c2ccccc2)no1
3141,-8.766666667,O=C(NCCNC(=O)c1ccc2c(c1)COC2)c1ccc(O)cc1
67641,-7.433333332999999,CCn1cc(CNC(=O)CCC2CCC(C)O2)cn1
126670,-7.733333332999999,Cc1cc2c(cc1F)-n1nc(C(C)(C)C)nc1CN2
65346,-8.133333333,N#Cc1cc2c(nc1SCC(=O)NCc1ccco1)CCCC2
71355,-8.833333332999999,Cc1cc(C)cc(C(=O)N2CCCN(C(=O)OC(C)(C)C)CC2)c1
5490,-8.133333333,Nc1cccc(C(=O)N2CCN(Cc3ccccc3)CC2)c1
39396,-9.3,CCCC1CCCN(C(=O)Cn2nc(C)c3ccccc3c2=O)CC1
12215,-6.3666666670000005,Cn1ncc(NC2CCCOC2)c(Br)c1=O
39571,-7.066666667000001,Cc1cc(C)c(S(C)(=O)=O)c(Oc2ccccc2C)n1
99832,-6.266666667000001,CN(Cc1cnn(C)c1)C(=O)c1sccc1C1CC1
96170,-8.0,Cc1ccc(CN(C)C(=O)c2ccc3c(c2)OCCO3)o1
34414,-8.233333333,CNC(=O)CN1CCN(C(=O)C2CC2c2ccccc2Cl)CC1=O
24556,-7.066666667000001,CNC(=O)CSc1nc2nc(C)cc(C)n2n1
69786,-7.266666667000001,CC=CCOC(=O)C(NC(=O)c1ccccc1)C(C)C
88423,-8.833333332999999,O=C(NCc1ccccn1)c1c[nH]nc1-c1ccc2c(c1)OCCO2
10057,-9.433333333,O=C(NCc1cccc(F)c1)Nc1cnn(-c2ccccc2F)c1
105454,-7.233333332999999,Cc1nc2c(N)cccc2n1CCCCOc1ccccc1
117757,-8.8,CN1C(=O)C2CCC1CN(c1nc(-c3ccc(F)cc3)cs1)C2
38056,-6.933333332999999,COC(=O)CN1CCc2c(Cl)cc(Cl)cc2C1
7805,-8.066666667,CCc1c(C2CCN(C(=O)Nc3cccc(OC)c3)CC2)noc1N
124038,-7.933333332999999,COc1cc(C)ccc1OC(=O)c1cn(C)nc1C(F)(F)F
42902,-8.8,Cc1noc(CNc2ccc(CC(=O)N(C)c3ccccc3)cc2)n1
72672,-7.9,CCN(Cc1cnn(C)c1)Cc1cc(C(F)(F)F)ccc1Cl
65590,-8.033333333,CNC(=O)c1ccc(CSc2nncn2-c2ccccc2C)cc1
36146,-8.033333333,CCn1cncc1Cn1cnc(-c2ccccc2)c1-c1cccc(C)n1
22717,-8.3,CCOc1cc(CNc2cn[nH]c(=O)c2Cl)ccc1OC(F)F
44970,-7.9,CN(C)c1cc(C(=O)N2CCCc3cc(Cl)cc(F)c32)ccn1
125925,-7.733333332999999,CC1CCCC(NC(=O)c2cc(F)cc3[nH]cnc23)C1
37895,-7.333333333,COc1ccc(C)cc1-c1csc2c(=O)[nH]c(C)nc12
11822,-7.833333333,C=CCNC(=O)NCC1CCN(S(=O)(=O)c2ccccc2)CC1
1878,-8.066666667,NC(=O)N1CCCC(C(=O)NCCOc2ccc(Cl)cc2)C1
65977,-8.066666667,O=C(NCCCc1ccccc1)N1CCN(Cc2cscn2)CC1
54238,-7.666666667,CCCn1ncc(-c2cc(OC)ccc2OC)c(CO)c1=O
27867,-7.066666667000001,CCc1c(C)sc(NC(=O)C2CCCO2)c1C(=O)NC1CC1
50655,-6.166666667,COc1ccc(Cl)cc1C1NCCN(C)C1=O
110043,-7.8,Cn1c(SCCN2CCOCC2)nc2ccccc21
99453,-8.5,Cc1nc(S(=O)(=O)Oc2ccc(Oc3ccccc3)cc2)cn1C
63303,-6.9,COc1nc(C)nc(N(C)Cc2cnn(C)c2)c1C
78477,-8.633333333,C=CCNS(=O)(=O)c1cc2c3c(c1)C(C)C(=O)N3CCC2
36465,-8.166666667000001,CN(C)c1ccc(C(=O)N2CCN(c3ncccn3)CC2)cc1
86740,-8.233333333,Cc1occc1-c1nnc(SCc2ccc(C#N)cc2)n1N
73076,-7.7,Cc1nc(-c2cccc(C(=O)NC(C#N)c3ccccc3F)c2)n[nH]1
87068,-7.9,COC(=O)c1cc(-c2cc[nH]c(=O)c2)ccc1Cl
115950,-8.133333333,COc1ccc(NC(=O)c2ccc3[nH]cnc3c2)cc1C
45434,-7.0,NS(=O)(=O)c1ccc(CC(=O)Nc2ccccc2)s1
85471,-7.4,CCN(C)c1cccc(NC(=O)N2CCCN(CC(F)F)CC2)c1
60656,-7.633333332999999,CCc1nn(C)c(OC)c1CN1CCOC(c2ccccc2C)C1
61868,-7.0,CC(C)c1ccc(C(=O)Nc2nccs2)c(N)n1
45581,-7.566666667000001,CCSc1nn2c(=O)c3ccccc3nc2s1
71797,-9.5,Cc1cc(C)c(CNS(=O)(=O)CC2CCOCC2)c(C)c1
32643,-7.333333333,CCOC(=O)c1sc(C(C)NC(=O)Nc2ccncc2)nc1C
30339,-8.5,O=c1[nH]c(NCc2ccccc2)nc2ccccc12
123721,-7.4,CCC(NC(=O)c1cnc(C2CC2)[nH]c1=O)c1ccnn1C
59017,-9.5,Cc1ccc2cnn(CCC(=O)NC3CCCc4c3cnn4C)c2c1
113995,-7.2,CC(C)(C(=O)Nc1cccc(C#N)c1)c1ccc(N)cc1
90168,-7.033333333,CS(=O)(=O)c1ccc(SCC(=O)NCc2ccccc2)cc1
89223,-7.433333332999999,COCC(C)(NC(=O)c1cc(C2CC2)nc2ccccc12)C(N)=O
45422,-7.1,O=C(NCc1cccnc1)c1c(F)cccc1Cl
96678,-8.5,COc1ccccc1NS(=O)(=O)c1ccc(NC(=O)C2CC2)cc1
36300,-7.833333333,CC(=O)Nc1cc(C(=O)Nc2cn[nH]c2)ccc1F
33534,-8.066666667,O=C(Nc1ccc2oc(=O)[nH]c2c1)c1occc1-c1ccccc1
18050,-8.133333333,Nc1cc(F)c(F)cc1C(=O)NC1CCCCC1O
82255,-9.066666667,CC1CN(Cc2cccc(CNC(=O)N3CCCC(O)C3)c2)CCO1
53804,-8.166666667000001,CCCn1nnc2cc(C(=O)Nc3cc(OC)ccc3OC)ccc21
27340,-7.466666667,Cn1cc(NC(=O)C2CCCCC2)cc(Br)c1=O
119935,-9.266666667,COC(=O)c1ccc(Nc2ncnc(Nc3nccs3)c2N)cc1
26287,-7.1,COC(=O)CNC(=O)c1sc2nc(C(C)(C)C)nc(C)c2c1C
97699,-8.0,COc1cc(C(=O)OCC(=O)c2ccccc2)cc2c1OCCO2
63763,-8.933333333,COCc1cccc(CNC(=O)NC(C)c2ccc3c(c2)OCO3)c1
16950,-8.166666667000001,CC(Sc1nnc2ccc(N)cn12)C(=O)Nc1ccccc1Cl
61001,-8.1,COc1cc(CNc2cccc(SC)c2)cc2c1OCO2
12256,-6.4,CC(=O)NC(N1CCCC1=O)(C(F)(F)F)C(F)(F)F
38649,-7.0,CN(CC(=O)NC1CC1)C(=O)c1ccc(Br)cc1
89982,-7.6,COC(=O)c1c(NC(=O)c2ccc(F)cc2F)sc(C)c1C
31150,-6.966666667,COCCS(=O)(=O)NC1CCCN(Cc2ccccc2)C1=O
50132,-7.366666667,O=C(NC1CCCC1)c1cc2occc2n1-c1ccccc1
15047,-8.666666667000001,O=C(CCCc1nc(-c2ccccn2)no1)Nc1ccccc1
30415,-7.3,CCOc1ccc(C(F)(F)F)cc1-n1cnnc1
41419,-8.266666667,Cc1nc(CNC(=O)C2COCC(=O)N2Cc2ccccc2)cs1
105655,-8.766666667,COc1ccc2cc(CNc3ccc(F)cc3F)c(=O)[nH]c2c1
95612,-8.066666667,CC1Cc2ccccc2N1C(=O)C1CC2CCCC(C1)C2=O
39506,-7.366666667,CCOc1cc(C)c(S(=O)(=O)n2ccc(C)n2)cc1C(C)C
5241,-8.5,Cc1cc(C(=O)Nc2nnc(-c3ccccc3)o2)no1
116091,-8.0,Cc1ccc(-c2noc(C(C)Cn3cccn3)n2)nn1
18994,-7.333333333,CN(C)c1nc(-c2ccccc2)nc2c1CCN(C(=O)CO)C2
21451,-8.033333333,C=CCNC(=O)c1cn(Cc2ccccc2)c2ncccc12
1428,-8.1,CC(Oc1ccc(C#N)cc1)C(=O)Nc1ccc2[nH]nc(C(N)=O)c2c1
26859,-8.3,Cc1cnnc(-c2cn(Cc3ccccc3)cc2N)n1
3190,-7.2,CC(NC(=O)c1ccco1)C(=O)NC(C#N)C(C)(C)C
19792,-8.033333333,Nc1cc(F)cc2c1CCNC2Cc1cccc(O)c1
67979,-8.233333333,N#Cc1c(-c2cccnc2)nc2sc(Cc3cccs3)nn12
18409,-8.266666667,Cc1cc(C)n2nc(C(=O)Nc3ccccc3C(C)(C)C)nc2n1
119180,-8.233333333,CC(C)n1cnnc1SCC(=O)Nc1cccc(C(F)(F)F)c1
94626,-7.566666667000001,CCC(C)(C)NC(=O)c1ccc(S(=O)(=O)NC2CC2)o1
17313,-8.233333333,CCc1nc2onc(-c3cccc(C)c3)c2c(=O)[nH]1
61187,-8.933333333,Cc1ccc(NC(=O)CCc2nc(-c3ccncc3)no2)cc1
54104,-7.033333333,COc1ccc(C(=O)Nc2cccc(Cl)c2Cl)nn1
4015,-8.366666667,O=S(=O)(CCCOc1ccc2c(c1)OCO2)N1CCCCCC1
90822,-9.4,NC(=O)CCn1ccc(Nc2ncnc3c2nnn3-c2ccccc2)n1
48378,-9.033333333,CCOc1ccccc1CNC(=O)C1CCN(c2ccccc2)C1=O
5621,-7.433333332999999,CC(=O)Nc1cccc(NC(=O)c2cc(Br)cn2C)c1
96155,-7.2,CC(=O)c1cccc(OCC(O)Cn2c(=O)n(C)c3ccccc32)c1
55366,-8.6,CC(=O)NCCC(=O)Nc1ccc2oc3ccccc3c2c1
82949,-8.1,O=C(C1CC1)N1CCCC(C(=O)N2CC3CC=CCC3C2)C1
8732,-7.4,Cc1nn(C)c(C)c1C(=O)N1CCN(CCC(C)(C)C)CC1
70291,-7.533333333,CCc1ncc(C(=O)NC(c2ccccc2)c2ccco2)cn1
36341,-7.833333333,Cn1c(SCC(=O)Nc2ccc(F)cc2)nnc1C1CC1
74258,-9.333333332999999,O=C(Cn1nc(-c2ccc(F)cc2)ccc1=O)Nc1cccc(O)c1
117930,-7.566666667000001,Cc1cc(F)ccc1NC(=O)N1CCN(CC(=O)NC(C)C)CC1
42942,-6.833333333,CN(C)C(CNS(=O)(=O)Cc1ccccc1)c1cccs1
2059,-7.7,NS(=O)(=O)c1ccc2c(c1)C(=O)NC(C(F)F)C2
12646,-8.5,COc1ccccc1NC(=O)Cn1cnc2cc(C)c(C)cc21
18259,-7.566666667000001,CC(c1ccco1)N(Cc1noc(C(C)(C)C)n1)C1CC1
18755,-7.2,COCCn1ccc(NC(=O)N(C)C(c2ccccc2)C(C)C)n1
41292,-7.633333332999999,CCCCOc1ccc(-c2cc(C#N)c(N)[nH]2)cc1
81576,-8.133333333,O=C(CNC(=O)c1cnn2ncccc12)NCc1ccco1
103251,-7.133333333,O=S(=O)(NCCO)c1cccc2cccc(Cl)c12
107749,-8.9,Cc1cc(C)n(CC(C)CNC(=O)c2ccc3c(c2)OCC(=O)N3)n1
45176,-7.733333332999999,CCCC(=O)N1CCC2(CC1)NC(=O)c1ccccc1O2
61242,-7.4,CCSc1ccc(NC(=O)Nc2cnn(CC(=O)N(C)C)c2)cn1
85350,-7.233333332999999,O=C(CNC(=O)NCC(c1ccccc1)N1CCOCC1)NC1CC1
64834,-6.7,Cc1cc(C)nc(N(C)Cc2ccc3c(c2)OCO3)n1
3042,-7.2,Cc1cc(N)nc(COc2cc(Cl)ccc2Cl)n1
105558,-7.7,CCCC1CN(C(=O)c2c[nH]nc2-c2cccc(Cl)c2)CCO1
108388,-8.6,CC(C)(C)NC(=O)c1cccc(NC(=O)CCC2CCCO2)c1
14720,-8.2,Cc1ccc(C)c(C(=O)NCCCN2CCCCCC2=O)c1
35569,-7.466666667,CCNC(=O)c1c(C)nc(N)nc1C(C)Oc1c(C)cccc1C
43871,-7.166666667,OCCc1nc2ccc(F)c(F)c2n1CC(F)(F)F
88688,-8.866666667,NC(=O)C1CCN(C(=O)NCc2nc(-c3ccccc3)cs2)CC1
44211,-7.6,CCOc1ccnc(N2CCN(C(C)c3nc(C)no3)CC2)n1
60341,-6.7,O=C(CNC(=O)c1ccsc1)NCCc1cccs1
41085,-9.033333333,CC1CCC(NC(=O)C2CCN(C(=O)c3ccc(F)cc3)CC2)CC1
33391,-8.366666667,Cc1ccc2[nH]nc(C(=O)N(C)Cc3cc(C)on3)c2c1
56200,-7.666666667,CC(C)C(NC(=O)c1cnc2ccoc2c1)C(=O)Nc1ccccc1
95669,-7.166666667,N#CCS(=O)(=O)c1cc(Br)ccc1Br
4644,-8.166666667000001,Cc1ccc(NC(=O)c2cc(=O)[nH]c3ccccc23)c(Cl)c1
34046,-8.8,CCOc1cccc(C(=O)N2CCC(N(C)c3ccccc3)CC2)c1
115687,-9.366666667,CC(=O)c1ccc(NC(=O)CNC(=O)c2ccc(C#N)cc2)cc1C
120728,-7.666666667,CCNC(=O)C(C)(C)NC(=O)NCc1cccc(Br)c1
84060,-7.466666667,CC(=O)Nc1c(S(=O)(=O)c2ccccc2)c(C)c(C)n1C(C)C
109428,-7.966666667,N#Cc1cc2c(nc1SCC(=O)Nc1ccncc1)CCCC2
88512,-7.6,NC(=O)C(OC(=O)CCc1ccsc1)c1ccc(F)cc1
122897,-9.033333333,NC(=O)c1n[nH]c2ccc(NC(=O)c3cc(F)cc(F)c3)cc12
119427,-9.166666667000001,O=C(C1CCN(c2nc3c(F)cccc3s2)CC1)N1CCOCC1
10616,-9.666666667000001,CC(=O)Nc1ccc(OC(=O)Cc2coc3c(C)c(C)ccc23)cc1
92361,-7.433333332999999,O=C(NCCCO)c1cc2occc2n1Cc1ccccc1
82618,-6.633333333,CCOc1cc(F)ccc1NC(=O)NCc1ccnn1C
65319,-8.2,CCCCCN(C(=O)c1ccn(C)c(=O)c1)C(C)C
69607,-7.3,CCCCNC(=O)c1nnn(-c2cccc(C)c2)c1COC
7278,-7.5,COc1ccnc(NCCNC(=O)c2ccc(O)cc2)n1
3240,-8.266666667,CC(C)Cn1ncc(C(=O)N(C)c2ccc(F)cc2)c1C1CC1
35844,-8.4,Cc1cc(N(C)CCC(O)c2ccccc2)n2nc(C)cc2n1
104611,-7.133333333,CC(=O)c1cccc(NC(=O)c2cc(C)c(C)o2)c1
15367,-6.9,CCCCN(CC(N)=O)C(=O)c1cccc(S(C)(=O)=O)c1
40204,-7.833333333,CC(C)CC1COCCN1C(=O)c1ccc2c(c1)OCC(=O)N2
105470,-7.666666667,COCCn1cc(NC(=O)c2ncoc2-c2cccs2)ccc1=O
32605,-6.633333333,Cc1noc(CCCC(=O)NCc2cccs2)n1
46056,-7.566666667000001,Cc1cccc(C2CCCN2C(=O)NCc2cnc(C)s2)c1
107589,-7.966666667,COc1ccccc1S(=O)(=O)CC(O)COc1ccc(C#N)cc1
3289,-7.633333332999999,COc1cccc(NC(=O)C(C)NC(=O)c2ccccc2)c1
117797,-8.033333333,COc1ccc(CNC(=O)c2[nH]nc3c2COCC3)cc1
32888,-6.166666667,CCCSc1cc(OC)cc2c1S(=O)(=O)NC2
97019,-8.533333333,N#Cc1cccc(C(=O)OCCOCC(F)(F)F)c1
61056,-9.166666667000001,Cc1ccc(NC(=O)C2CCCN(S(C)(=O)=O)C2)c(C)c1
97511,-6.8,CCN(CC)S(=O)(=O)N1CC=C(c2ccccc2Cl)CC1
79356,-9.333333332999999,Cc1cc(-c2nnn(-c3ccccc3O)c2N)ccc1Cl
126334,-6.8,COC(=O)CCNS(=O)(=O)c1ccc(C(C)=O)cc1
37210,-8.466666667,N#Cc1cccc(C(=O)N2CCN(C(=O)C3CCCO3)CC2)c1
127057,-6.6,c1ccc2c(c1)nc(C1CC1)n1nc(-n3cnnn3)nc21
18211,-7.733333332999999,N#Cc1cccc(NC(=O)c2[nH]ncc2-c2ccccc2)c1
18579,-7.366666667,Cc1nccc(CNC(=O)N(C)CC2CCCC2)n1
75612,-8.233333333,Cc1nc(C)c(CC(=O)N=c2[nH]c3ccccc3[nH]2)s1
125950,-8.366666667,COc1ccc(-c2cc(O)n[nH]2)cc1Br
106942,-6.9,CCN(C(=O)c1cc(N)ccc1Cl)C1CCCC1
72114,-7.866666667,Cc1noc(C(C)N(C)Cc2cnn(-c3ccccc3)c2)n1
84215,-7.0,COC(=O)CCSc1ccc(C(=O)N2CCCC2)cn1
17309,-7.3,NC(=O)CN1CCOc2ccc(C(F)(F)F)cc21
46751,-8.1,Cc1ccccc1NC(=O)c1cnc(N2CCCC2)nc1C
50026,-7.933333332999999,CCc1ccc(NC(=O)c2cnc3ccccn3c2=O)cc1
2865,-8.566666667,Cc1cc(C)n2nc(C(=O)NCc3cccnc3-n3cncn3)nc2n1
13345,-6.433333332999999,CCNC(=O)CNC(=O)C(C(C)C)N1CC(C)OC(C)C1
40309,-7.9,CCC(=O)N1CCCC(c2nnc3n2CCCCC3)C1
87903,-8.533333333,Cn1c(C(=O)N2CCN(c3ccccc3)CC2)cc(=O)n(C)c1=O
48127,-8.4,CNS(=O)(=O)c1cc(-c2nc(-c3ccncc3)no2)ccc1OC
125355,-9.466666667,O=C(c1nc(Cn2c(=O)oc3ccccc32)no1)N1CCCCCC1
57137,-7.233333332999999,O=C(CCc1ccccc1F)N1CCN(CCO)CC1
101853,-6.433333332999999,Cc1ncc(C(=O)NC(C)(C)CC(C)(C)C)s1
31906,-6.333333333,CCCC1CN(C(=O)Cn2c(C)csc2=O)CCO1
7976,-9.3,CC(C)(C)c1noc(CCC(=O)N2CCc3cc(F)ccc3C2)n1
23971,-9.366666667,O=C(Cc1ccc(F)cc1)Oc1ccc(NC(=O)C2CC2)cc1
122640,-7.166666667,Oc1ccc2cc3c(cc2c1)C(Cn1cnnn1)NCC3
96794,-6.9,CCn1cnnc1C1CCN(C(=O)Cc2ccc(C)s2)CC1
68686,-8.2,COc1cccc(OCc2nc(-c3ccc(C#N)cn3)no2)c1
119933,-9.133333333,CNC(=O)c1cccc(CNc2cc3c(cc2Cl)NC(=O)CO3)c1
45396,-7.533333333,COc1cccc(C(=O)Nc2ccc(S(C)(=O)=O)nc2)c1F
91750,-7.633333332999999,CC1(C)CNc2cc(F)c(F)cc2N1Cc1ccncc1
26362,-9.333333332999999,O=C(NCc1cccc(C(F)(F)F)c1)c1ccc(-n2cccn2)nc1
72751,-9.266666667,CC1CCCN(C(=O)c2ccc3c(c2)CC(c2ccccc2)OC3=O)C1
75025,-8.166666667000001,CCCc1nc(C(=O)N(C)Cc2cc(-c3cccnc3)no2)cs1
54297,-8.566666667,Cc1c(C(C)NC(=O)C2CC=CC2)oc2ccc(F)cc12
47156,-7.533333333,Cc1[nH]c(=O)c(C#N)c(C)c1CCC(=O)OC(C)CC(C)C
101569,-7.1,COC(=O)c1cccc2nc(-c3ccccc3OC)nn12
32499,-7.033333333,CCN(CC)C(=O)N1CCN(C(=O)CCCn2cccn2)CC1
125895,-9.333333332999999,COC(=O)c1ccc(NC(=O)CNC(=O)c2cc(C)cc(C)c2)cc1
53354,-7.8,Cc1cccc(C(C)C)c1NC(=O)COc1cccc2cccnc12
117398,-7.266666667000001,O=C(NCCN1CCOCC1)Nc1ccccc1N1CCCCC1
766,-7.266666667000001,N#CC1CN(Cc2ccccc2-n2cccn2)CCO1
17581,-7.0,CCc1nn(C)c(CC)c1CN1CC2OCCN(C)C2C1
66973,-9.333333332999999,O=C(Cc1cccc(O)c1)N1CCCC(Nc2ccccc2)C1
74338,-8.233333333,NC(=O)c1cccc(NC(=O)c2cccc(Br)c2)c1
57033,-9.066666667,Cc1ccc(-c2n[nH]c(SCC(=O)Nc3ccccc3C#N)n2)cc1
62206,-6.8666666670000005,CCCNC(=O)CNC(=O)NCC(C)(C)N1CCOCC1
108630,-7.133333333,O=C(C1CCC1)N1CCCc2cccc(OC(F)F)c21
11615,-7.5,CSc1nnc(SCC(=O)N2CCc3ccccc32)s1
34673,-8.666666667000001,CC(=O)N1CCc2cc(C(=O)Oc3ccccc3)ccc21
29159,-8.266666667,Cc1nc(CCNC(=O)C2CC(=O)Nc3cc(F)ccc32)cs1
106880,-7.933333332999999,COc1cc2ncnc(NCc3ccc(F)cc3)c2cc1OC
20346,-7.233333332999999,CN(C)C(=O)CN(C)C(=O)CCc1nc(-c2ccsc2)no1
87899,-6.833333333,Cc1cc(SCc2cc(N)ccc2Cl)n(C)n1
94706,-8.4,CCOC(=O)c1cccc2nc(CC#N)n(C3CC3)c12
50634,-7.333333333,Cc1cccc(NC(=O)c2cnc(N3CCOCC3)c3ccccc23)n1
2239,-7.733333332999999,COc1ccccc1-c1nnc(SCc2csc(C)n2)o1
77308,-8.466666667,NC(=O)Nc1ccc(CNC(=O)C2CC3CCC2C3)cc1
77478,-9.533333333,Cc1ccc(C)c(NC(=O)c2nn(-c3ccccc3)c(C)cc2=O)c1
39941,-7.666666667,NC(=O)c1ccsc1NC(=O)CN1CCOC(c2ccccc2)C1
117709,-7.666666667,FC(F)(F)Oc1ccc(CNc2ncn[nH]2)cc1
58137,-9.266666667,CCCNC(=O)NC1CCN(c2nccs2)CC1
47106,-8.233333333,Cc1cc(NC(=O)CCn2c(=O)sc3ccccc32)no1
127872,-8.733333333,COc1cccc(NC(=O)c2ccccc2NC(=O)c2cccnc2)c1
33090,-7.6,CC1(C)C(NC(=O)c2cccc(OC(F)F)c2)C2CCOC21
83457,-8.4,Cc1ccc(S(=O)(=O)NCC(=O)NCc2ccco2)cc1C
65207,-6.433333332999999,CCNc1ccc(S(=O)(=O)N(C)C(C)CC#N)cn1
26973,-8.033333333,COc1ccc(CN2CCN3C(=O)N(C4CCOCC4)CC3C2)cn1
130097,-7.966666667,Cn1c(C(=O)NC2(C(N)=O)CCCC2)ccc1-c1ccccc1
105174,-8.266666667,CCOc1ccc(C(=O)NCC(=O)Nc2ncccc2CC)cc1
42787,-7.1,CCOc1nc2ccccc2nc1N1CCC(CO)C1
39385,-9.166666667000001,O=C(c1cnccn1)N1CCCC1Cc1cccc2ccccc12
116614,-7.233333332999999,Cc1cc(NC(=O)N2CCOC(Cc3ccccc3)C2)nn1C
51471,-7.1,CC(C)CC(C)CC(=O)N1CCOCC1C1CC1
1150,-7.133333333,CCOc1ccc(C(=O)NC2(C(=O)OC)CCCCC2)cc1OC
54578,-8.866666667,COCc1cc(C(=O)NCCc2ccc(F)cc2C)no1
122986,-8.8,Cn1cccc1C(=O)N1CCCC(C)(Cc2ccc3c(c2)OCO3)C1
86900,-7.866666667,CCS(=O)(=O)NCCNS(=O)(=O)c1cc(Cl)ccc1C
40629,-7.433333332999999,CCOC(=O)C(C)OC(=O)C(C)N1CCc2ccccc2C1
80184,-5.766666667000001,CCC(=O)c1cc(Br)c(OC)cc1O
109179,-8.466666667,Cc1ccc(NC(=O)CN2C(=O)COc3ccccc32)cc1
73700,-7.233333332999999,O=C(NCCCO)Nc1cccc(N2CCNC2=O)c1
88534,-7.066666667000001,Cc1cc(C(C)O)cc2c1OC(C)(C)CC2NC(=O)C1CC1
4072,-8.8,Cc1ccc(-n2cc(C(=O)NCc3cn4ccsc4n3)nn2)cc1
24679,-6.433333332999999,C#CCN(C(=O)c1scnc1C1CC1)C1CCCC1
41191,-7.0,CCCc1nc(NC2CCCC2)c(N)c(OCC(C)C)n1
16470,-6.633333333,CCNC(=O)CN(CC)C(=O)C1CCC(C(=O)OC)CC1
41532,-7.0,COCCN1CCN(C(=O)NCCCN2CCCC2=O)CC1
6050,-7.166666667,CC(C)N(C(=O)CSc1nnnn1C(C)C)C1CCCC1
49441,-9.033333333,Oc1ccc2c(c1)C(c1cc(F)c(F)c(F)c1)NCC2
78622,-9.433333333,CCC(NC(=O)NC1(C)Cc2ccccc2C1)c1ccncc1
7631,-8.666666667000001,NC(=O)N1CCCC(C(=O)NC2CCCCC2Cc2ccccc2)C1
92956,-6.833333333,CC(C)Cc1ncc(Br)c(-c2cc[nH]c2)n1
127193,-8.366666667,CNC(=O)CCN(C)C(c1ccccc1)c1ccc(F)cc1
122305,-7.8,CCOc1ccccc1C(=O)N(CC)Cc1cnc2ccccn12
85466,-8.133333333,O=C(NCCC1CC2CCC1C2)NCC(=O)N1CCCC1
121835,-8.166666667000001,COc1cc(C#N)cc(Cl)c1OCc1cccc(OCC(N)=O)c1
128781,-7.733333332999999,CCCOc1ccc(-c2cc(C#N)c(=O)n(CC)n2)cc1
45967,-6.8666666670000005,CCOC(=O)CCC(C)NC(=O)N1CCc2sccc2C1
126721,-8.433333333,Cc1ccc(C(=O)N2CCC3(CCN(c4ncccn4)CC3)C2)cn1
75940,-7.466666667,CSc1ccc(Cl)c(C(=O)Nc2nc(CC(N)=O)cs2)c1
11063,-8.066666667,COc1ccc(-c2nc3sc(C4CC4)nn3c2C#N)cc1
18758,-8.7,Cc1nn(C)c(C)c1CC(=O)NC1CCN(c2ccccc2)C1=O
61124,-7.366666667,CC(C)C(=O)c1ccccc1NC(=O)Cc1ccc(-n2cnnn2)cc1
40876,-8.466666667,O=C(COc1ccccc1)NC1CCCN(c2ccccc2F)C1=O
69895,-6.6,CCCCCNC(=O)C(N)c1ccc(F)c(C#N)c1
105767,-8.433333333,CCNC(=O)C(C)Nc1ncc(N)cc1C(N)=O
81015,-8.666666667000001,COc1cc(CNC(=O)c2ccn(C)c(=O)c2)cc(OC)c1OC
6079,-6.966666667,O=C(c1ccc(=O)[nH]c1)N(Cc1ccsc1)CC1CCCO1
89393,-7.866666667,NS(=O)(=O)c1ccc(Br)c(Br)c1
27852,-8.5,CC(NC(=O)c1ccccc1)n1nnc2ccccc21
117808,-7.266666667000001,Cn1nc(C(=O)N2CCCCCC2)cc1NC(=O)c1ccco1
15256,-8.666666667000001,Cc1ccc(Nc2ncnc(N3CCN(CCO)CC3)c2N)cc1C
87057,-9.766666667,Cc1ccc(-c2nnc(CC(=O)NCc3ccc(F)cc3)o2)cc1
45554,-7.333333333,O=c1c(Cl)c(Cl)cnn1CCOc1ccc(F)cc1
10656,-8.0,O=S(=O)(c1cc(F)ccc1Cl)N1CCC(n2cccn2)CC1
78986,-7.5,Cc1csc(=O)n1CCC(=O)NCC(C)Sc1ccccc1
68193,-8.066666667,O=C(Nc1cccc(Cl)c1)c1ccc(Cl)cc1-n1cnnn1
10903,-8.633333333,CCC(C)C(NC(N)=O)C(=O)N1CCC(C(=O)c2ccccc2)CC1
96243,-8.166666667000001,CCn1ncc2c(C(=O)N3CCCCCC3)cc(-c3ccccc3)nc21
46866,-8.2,Cc1ccc(C)c(CNc2ccccc2C(=O)N(C)C)c1
75667,-8.366666667,Cc1cccc(NC(=O)c2cccc(N(C)S(C)(=O)=O)c2)c1
53792,-8.033333333,Cc1cc(C)cc(C(=O)NC(C)C(O)c2ccc(O)cc2)c1
105409,-8.033333333,CN(C)c1oc(COc2ccccc2F)nc1C#N
62425,-6.966666667,O=C1CCCN1CC1CCCN(c2ncccn2)C1
54072,-7.233333332999999,Cc1ccsc1CNC(=O)CNC(=O)C1CCCC1
60477,-8.166666667000001,Cn1c(SCc2cccc(C#N)c2)nc2c(=O)[nH]cnc21
76345,-7.866666667,COC(C)(C)c1noc(C2(c3ccc(Cl)cc3)CC2)n1
99323,-7.0,COC(=O)CN(C)C(=O)Cc1coc2ccc3ccccc3c12
84228,-8.0,COc1cccc(NC(=O)c2cn(C)c3ccc(F)cc3c2=O)c1
97880,-7.1,COC(=O)CCSc1nnc(Cc2ccccc2)o1
123233,-9.433333333,O=C(c1noc2c1CCCC2)N1CC2C3CCC(CC3)C2C1
21910,-7.7,CCCC(=O)Nc1ccc(CNC(=O)N2CCOCC2)cc1
52246,-7.266666667000001,COc1ccc(C(O)C(=O)N2CCC(C)CC2)cc1
90037,-8.8,O=C(NCc1ccc(F)cc1F)c1c[nH]c2cccnc12
38399,-8.066666667,CCC(C)n1ncc(C(=O)Nc2cccc(C(C)OC)c2)c1C1CC1
104084,-9.133333333,Cc1nc(=O)[nH]c(C)c1CCC(=O)N1CCC2(CC1)OCCCC2O
58051,-8.2,COc1ccc(N)c(C(=O)N(C)c2ccccc2)c1
30002,-7.133333333,CC(C)CC(C#N)NC(=O)c1ccc(-n2cccc2)cc1
33806,-8.466666667,CC(=O)c1[nH]c(C)c(C(=O)NCC2Cc3ccccc3CN2C)c1C
37844,-9.2,Cc1cccc(CNC(=O)NCc2cccc(Cn3cccn3)c2)n1
98558,-6.766666667000001,CCC(C)Oc1ccc(NC(=O)CN(C)S(C)(=O)=O)cc1
21066,-6.7,COC(=O)C1CN(C(=O)OC(C)(C)C)CCN1C(=O)OC(C)(C)C
51492,-7.0,CC(CC#N)Sc1ccccc1NC(=O)Nc1cccnc1
99538,-8.466666667,CC1CCCC(NC(=O)CCn2cnc3ccccc32)C1C
65980,-8.033333333,Cc1ccc(F)c(C(=O)NCCc2ccccn2)c1
2723,-7.533333333,CC(=O)Nc1nc(COC(=O)c2cccc(N(C)C)c2)cs1
44155,-7.7,COc1cccc(C(=O)NCc2cccc(OC(C)C)c2)c1
102904,-6.9,CC(CO)NC(=O)Cc1csc(-c2ccccc2)n1
77680,-6.3,COCCOCc1nc(C)nn1C1CCCCC1
25318,-7.666666667,COc1ccc(CN(C)C(=O)CCc2c(C)n[nH]c2C)cc1
105716,-7.833333333,CNC(=O)CCc1cc(C2CCCN2S(C)(=O)=O)nc(C)n1
62320,-8.6,CCc1ncc(CN2CCOC(Cc3cccc(F)c3)C2)cn1
9961,-7.666666667,CCN1CC(C(=O)Nc2ccc(N3CCCC3)nc2)CC1=O
34021,-5.9,CCn1c(SCC#N)nc2ccsc2c1=O
99949,-7.433333332999999,Cc1cnccc1NC(=O)N1CCCN(CC(F)(F)F)CC1
93742,-7.8,CC(C)C(NC(=O)C1CC(=O)N(CC(F)(F)F)C1)c1cccs1
89296,-8.9,O=c1n(CCNCC(F)(F)F)nc2ccccn12
71856,-8.133333333,Cc1ccc2c(CC(=O)NCC(F)(F)F)coc2c1C
14672,-7.7,COc1ccc(C)cc1CN1CCN(C(=O)c2cnn(C)c2)CC1
23550,-7.866666667,Cc1cc(NC(=O)Cn2c(CO)nc3ccccc32)no1
117492,-8.4,Fc1cccc2c1C(C1COc3ccccc3O1)NCC2
41155,-8.533333333,O=S(=O)(c1ccc2cn[nH]c2c1)N1CCN(Cc2ccon2)CC1
42650,-6.666666667,COCCNC(=O)c1ccc2cncc(-c3ccsc3)c2n1
58403,-7.333333333,Cc1oc(-c2ccccc2)nc1CN(C)S(C)(=O)=O
54358,-6.966666667,Cc1nn(C(F)F)c(C)c1CC(=O)OC(C)C(N)=O
111890,-6.6,CCC(CC)(CO)NC(=O)Nc1ccccc1F
130218,-8.2,COc1ccc(Cl)cc1NCC(=O)NC(C)(C#N)C(C)C
32034,-9.133333333,CC(C)(C)c1noc(CCCC(=O)N2CCc3cc(F)ccc3C2)n1
1793,-8.666666667000001,COc1ccc(C)cc1NS(=O)(=O)c1ccc(F)c(F)c1F
44359,-7.466666667,CCn1cc(C(=O)N2CCCCC2c2nc(C(C)C)no2)cn1
96338,-8.366666667,COc1ccccc1C(C)NS(=O)(=O)Cc1cccc(C#N)c1
45932,-7.933333332999999,Nc1ccc2c(c1)N(C(=O)Cc1ccc(F)cc1)CCO2
95232,-7.333333333,CCn1ncc(Br)c1C(=O)N1CCCc2ccccc21
124637,-7.633333332999999,CCN(CC1CCOC1)C(=O)Nc1ccn(CCc2ccncc2)n1
28776,-8.5,N#CCOc1cc(F)ccc1NC(=O)C1COc2ccc(F)cc2C1
64180,-8.166666667000001,C=CCSc1nsc(NC(=O)Nc2ccc(F)cc2F)n1
128924,-8.333333332999999,Cc1cccnc1C(C)NC(=O)c1cccc(Cn2cccn2)c1
88428,-9.1,Cc1noc(CCCC(=O)Nc2ccc(CN3CCCC3=O)cc2)n1
40615,-7.8,CCOC(=O)CC1COCCN1C(=O)Cc1cnc2c(C)cccn12
92542,-9.133333333,Cc1ccc2c(=O)cc(CN(C)Cc3ccc(F)cc3)[nH]c2c1C
93765,-8.333333332999999,O=C(CCC(=O)c1ccccc1)NCC1(c2ccccc2)CC1
86825,-7.366666667,CC(C)NC(=O)c1nc(N2CCCC2)c2cnn(C)c2n1
52538,-8.533333333,CCCC(=O)Nc1cccc(NC(=O)c2ccnc(SC)c2)c1C
46963,-9.5,N#Cc1cccc(NC(=O)NCC(=O)Nc2cccc3cccnc23)c1
104359,-7.9,COc1ccc(OC)c(C2NC(=O)c3ccccc3N2)c1
35306,-7.933333332999999,CC(=O)OC(C)C(=O)N1CCC(n2c(=O)oc3cc(C)ccc32)CC1
59724,-8.466666667,O=C(NCc1ccccc1)c1cc2c([nH]c1=O)CCCC2
108646,-7.666666667,O=C(CN1CCN(CC(O)c2ccccc2F)CC1)NC1CC1
104604,-7.833333333,Cc1ccc(C)c(CC(=O)OCc2nncn2C2CC2)c1
107521,-9.4,CCC1CCCCN1C(=O)CCn1ncc(=O)c2ccccc21
38085,-5.966666667,CC(O)CC1C(=O)CCCCN1C(=O)OC(C)(C)C
73774,-7.5,O=C(COc1cccc(-n2ccnn2)c1)NC1CC1
116237,-7.333333333,Cc1cc(C)nc(SCC(=O)Nc2ccc(F)cc2F)n1
70308,-8.933333333,O=C(COc1ccc(F)cc1)Nc1cnn(-c2ccccc2F)c1
30692,-8.666666667000001,Cc1cc(NC(=O)CNc2ccccc2N2CCCCC2)no1
124321,-8.9,Cn1nc(-c2cccs2)cc1C(=O)NCC1CC2C=CC1C2
111037,-8.866666667,CC(C)(C)CC(=O)NCC(=O)Nc1cccc2cn[nH]c12
103530,-8.033333333,O=c1onc(-c2cccs2)n1CCn1c(=O)oc2cccnc21
84026,-7.733333332999999,COc1ccc(F)cc1NC(=O)Cn1c(=O)oc2ccccc21
120214,-6.666666667,Cc1nc2c(s1)CN(C(C#N)c1cccs1)CC2
22615,-7.566666667000001,Cc1cc(C(F)(F)F)nn1C(C)C(=O)N(C)Cc1cnn(C)c1
50591,-8.333333332999999,O=C(NCC1CCCO1)c1cnc(OCC(F)(F)F)c(Cl)c1
28041,-8.5,N#Cc1ccc(Cl)c(NC(=O)c2cnn(-c3ccccc3)n2)c1
103863,-8.133333333,Cc1nc(-c2nnc(NC(=O)c3ccccc3C)o2)cs1
47789,-7.966666667,CCn1cc(NC(=O)c2ccc(OC(F)(F)F)cc2)ccc1=O
37118,-7.9,O=C(Nn1cnc2ccccc2c1=O)c1ccc(Br)cc1
3518,-8.333333332999999,Cc1ccnc(N2CCC(Cc3noc(C4CC4)n3)CC2)n1
1630,-7.5,Cn1c(=O)c2c(ncn2CC(=O)C2=NC=CC2)n(C)c1=O
36010,-7.5,COc1cccc2c(C)c(C(=O)NC3(C#N)CCCC3)oc12
88872,-7.866666667,CCCn1c(C)cc(-c2csc(-c3cnccn3)n2)c1C
97227,-8.4,COc1ccc(CCNc2c(C#N)cnc3ccccc23)cc1OC
55156,-7.666666667,Cn1cc(S(=O)(=O)N2CCCC(C(F)(F)F)C2)cn1
59136,-6.3666666670000005,CC(C)CN(CCO)S(=O)(=O)c1ccc(F)cc1
11671,-8.7,Cc1noc(C)c1S(=O)(=O)N1CCCC1C(=O)NCCC(C)C
61578,-7.066666667000001,Cc1cc(C(O)C(F)(F)F)ccc1Br
101843,-8.166666667000001,CCOC1CC(NC(=O)Cc2ccc(F)cc2F)C12CCC2
50135,-7.8,CCc1nc(CCNC(=O)NCc2cc(C(C)C)no2)sc1C
6133,-7.466666667,CC(C)(C)C1CCN(C(=O)c2ccc(O)cc2)CC1
77980,-7.2,CC(C)CC1(CNC(=O)C2CCCN2C(=O)c2ccco2)CCCC1
128221,-9.033333333,CSc1ccc(OCC(=O)Nc2c(C)cc(C)cc2C)cc1
102759,-6.966666667,Cc1ccc(CN2CCN(c3ccc(F)cn3)CC2=O)cc1C
74607,-8.633333333,O=C(Nc1cccc(F)c1)c1ccn(COc2ccccc2F)n1
26325,-9.166666667000001,O=C(NCc1cc2ccccc2[nH]1)c1cccc2cccnc12
98002,-7.933333332999999,CCC(=O)N1CCC(C(=O)c2cc(F)ccc2F)CC1
42365,-7.966666667,Cc1ccc(S(=O)(=O)N(C)C(C)C)cc1NC(=O)c1ccnnc1
52455,-6.9,CNC(=O)c1c(-c2cccc(Cl)c2)noc1C
31451,-6.3666666670000005,O=C(NCCCO)NC(CN1CCOCC1)c1ccccc1
116272,-7.766666667000001,CC(C)NC(=O)c1ccc2c(=O)n(-c3ccccc3F)cnc2c1
62090,-6.8666666670000005,CC(C)CNC(=O)CCNC(=O)c1ccc(C(C)(C)C)cc1
91137,-7.566666667000001,Cc1cccnc1NC(=O)CSc1ccc(F)c(F)c1
127493,-8.666666667000001,CCNC(=O)c1ccc(CNC(=O)c2ccc(OC)c(OC)c2)cc1
96239,-6.766666667000001,CCOC(=O)c1c(C)[nH]c(C(=O)N2CCCCC2CC)c1C
74950,-8.6,CCc1nnc(NC(=O)c2cc(-c3c(C)cc(C)cc3O)n[nH]2)s1
118294,-9.166666667000001,O=C1CC(C2N=CC(c3cccc(Cl)c3)=N2)CN1C1CCCC1
21592,-8.066666667,COc1ccc(NC(=O)N(C)C(C)CC#N)cc1OC1CCCC1
14688,-7.433333332999999,Cc1nc(C(=O)N2CCOC3CCCCC32)ccc1C#N
13135,-9.4,COc1ccc(NS(=O)(=O)c2ccc3[nH]c(=O)cc(C)c3c2)cc1
95795,-8.933333333,COc1ccccc1OCc1nc(-c2ccc(=O)[nH]c2)no1
44098,-8.666666667000001,O=C(CCNC(=O)c1ccnc(-n2cncn2)c1)NC1CCCCC1
92901,-7.0,Cc1cc(C)cc(NC(=O)c2nn(C)c3ccccc3c2=O)c1
85226,-7.766666667000001,CCc1cc(C(=O)N2CCN(CC(C)O)CC2)sc1C
54162,-8.266666667,CC(C(=O)N1CCC(C(N)=O)CC1)n1sc2ccccc2c1=O
47324,-8.233333333,COC(=O)c1cc(CNC(=O)c2cccc(C)c2)oc1C
79352,-8.1,Cc1nc(CC(=O)NC2(C(N)=O)CCCCC2)cs1
86530,-8.5,CC(NC(=O)COC(=O)c1cc(F)cc(F)c1)c1ccccc1
96719,-7.333333333,Cc1cc(NC(=O)NCC(C)C)n(Cc2ccccc2)n1
36997,-8.666666667000001,CC(NC(=O)c1ccncc1)c1cc(=O)[nH]c(-c2cccnc2)n1
59516,-8.7,O=C(COc1ccccc1OCCO)Nc1ccccc1Cl
48457,-8.666666667000001,O=C(c1ccccc1Cl)N1CCC(Oc2cccnc2)CC1
126848,-9.1,Cc1cccc(NC(=O)C2CCCN(c3ncccn3)C2)n1
53965,-7.633333332999999,O=c1c2sc3ncccc3c2ncn1Cc1ccc(F)c(F)c1
14823,-9.3,CCc1cccc2c1N(C(=O)c1nc3nc(C)cc(C)n3n1)CCC2
111094,-8.7,CNS(=O)(=O)c1cccc(C(=O)Nc2ccccc2C)c1
71889,-7.166666667,Cc1c(C(=O)NCCC(C)C)nc2cc(Cl)ccn12
21716,-7.0,CCOc1ccc(C(=O)N2CCOCC2c2noc(C)n2)cc1
1238,-7.533333333,C=CCNC(=O)c1ccccc1NC(=O)CNC(=O)c1ccccc1
97383,-10.13333333,O=C(Cc1n[nH]c(=O)c2ccccc12)NCCC(=O)NC1CCCC1
40472,-8.233333333,Cc1cccc(NC(C(=O)NC2CC2)c2ccccc2)c1
12311,-6.4,CCOc1ccc(C(=O)NC(C)CC)cc1Cl
31433,-7.0,O=S(=O)(NC(CO)c1ccccc1)c1cccs1
